incident_number,area_occ,rpt_dist,dispatch_date,dispatch_time,call_type_code,call_type_text
190525004168,Outside,,2019-05-25T00:00:00.000,17:22:01,006,CODE 6
911100000051,Outside,,2019-11-10T00:00:00.000,02:17:50,006,CODE 6
190824004209,Olympic,2071,2019-08-24T00:00:00.000,16:45:06,9049,REFUSING ID
190913005469,Southwest,0314,2019-09-13T00:00:00.000,19:50:20,507P,PARTY
190104001893,UNK,,2019-01-04T00:00:00.000,10:52:40,006,CODE 6
190305000966,Mission,1959,2019-03-05T00:00:00.000,07:38:24,904AO,AMB OVERTURNED VEH
190809006290,Newton,1362,2019-08-09T00:00:00.000,20:58:39,245SN,SUSP NOW
190827004389,Outside,,2019-08-27T00:00:00.000,16:06:49,006,CODE 6
190305005718,Rampart,,2019-03-05T00:00:00.000,22:41:03,006,CODE 6
190810001373,77th Street,1245,2019-08-10T00:00:00.000,07:58:41,620D,DOM VIOL
001190000312,Outside,,2020-01-19T00:00:00.000,15:10:58,006,CODE 6
190130003473,Hollywood,0677,2019-01-30T00:00:00.000,13:58:38,904Q,BUS
190528002209,West LA,0886,2019-05-28T00:00:00.000,11:22:48,4591I,BFV INVEST
190803002752,Outside,,2019-08-03T00:00:00.000,13:19:22,006,CODE 6
190503001409,UNK,,2019-05-03T00:00:00.000,08:29:54,902,TRAFFIC STOP
190322004312,77th Street,1203,2019-03-22T00:00:00.000,17:35:53,600I,INVEST
190827005706,Outside,,2019-08-27T00:00:00.000,19:32:13,006,CODE 6
190224004365,77th Street,1267,2019-02-24T00:00:00.000,20:00:49,620M,MAN/WMN
191012002597,Newton,1317,2019-10-12T00:00:00.000,16:32:06,5101,CAR
190330005808,Pacific,1488,2019-03-30T00:00:00.000,23:38:59,242A,AMB
190615005436,Topanga,2115,2019-06-15T00:00:00.000,20:05:36,314M,MAN
190309006088,Wilshire,0745,2019-03-09T00:00:00.000,23:59:47,9286,GUN
190810003886,Outside,,2019-08-10T00:00:00.000,16:28:00,006,CODE 6
190124001945,West Valley,1083,2019-01-24T00:00:00.000,10:02:19,415M,MAN
001120000458,Outside,,2020-01-12T00:00:00.000,22:13:54,006,CODE 6
191026004783,Northeast,1138,2019-10-26T00:00:00.000,21:48:53,415M,MAN
912100000060,Outside,,2019-12-10T00:00:00.000,05:37:10,006,CODE 6
190917000376,Newton,1317,2019-09-17T00:00:00.000,02:46:14,906B1,CODE 30 RINGER
191013000642,Van Nuys,0964,2019-10-13T00:00:00.000,02:42:12,507P,PARTY
190124006389,UNK,,2019-01-24T00:00:00.000,21:07:59,006,CODE 6
190219002360,Mission,,2019-02-19T00:00:00.000,11:52:36,006,CODE 6
001180000139,Pacific,1463,2020-01-18T00:00:00.000,09:21:25,594SN,SUSP NOW
190528000549,Mission,1918,2019-05-28T00:00:00.000,04:19:09,006,CODE 6
190413004815,Southwest,0305,2019-04-13T00:00:00.000,21:35:01,906B1,CODE 30 RINGER
190605002867,Outside,,2019-06-05T00:00:00.000,13:07:42,006,CODE 6
190919005477,Outside,,2019-09-19T00:00:00.000,19:22:39,006,CODE 6
190506004674,Pacific,1403,2019-05-06T00:00:00.000,18:33:24,9045,H & R MISD
001060000573,Outside,,2020-01-06T00:00:00.000,23:14:36,006,CODE 6
190513003695,Harbor,0583,2019-05-13T00:00:00.000,15:14:16,5101,CAR
190226003340,UNK,,2019-02-26T00:00:00.000,14:01:39,006,CODE 6
191020005672,Harbor,0528,2019-10-20T00:00:00.000,23:37:27,507R,RADIO
191020002936,Outside,,2019-10-20T00:00:00.000,13:42:49,006,CODE 6
190901005508,Outside,,2019-09-01T00:00:00.000,21:31:46,006,CODE 6
190502004099,West Valley,1075,2019-05-02T00:00:00.000,15:53:16,415M,MAN
190813001782,Northeast,1147,2019-08-13T00:00:00.000,09:33:32,5033I,GTA INVEST
190622000012,West Valley,1033,2019-06-22T00:00:00.000,00:03:07,503P3S,POSS GTA SUSP
190813000460,West Valley,1023,2019-08-13T00:00:00.000,02:55:00,906R,ROBBERY (211 SILENT)
912180000526,Outside,,2019-12-18T00:00:00.000,20:39:24,902,TRAFFIC STOP
001120000435,West LA,0899,2020-01-12T00:00:00.000,21:49:32,484S,SUSP
190517005510,Pacific,1465,2019-05-17T00:00:00.000,20:34:33,620DR,DOM VIOL R/O
190515001244,Devonshire,1797,2019-05-15T00:00:00.000,08:06:31,507R,RADIO
190810002412,Outside,,2019-08-10T00:00:00.000,11:55:48,902,TRAFFIC STOP
190215000495,Mission,1963,2019-02-15T00:00:00.000,03:08:57,620M,MAN/WMN
911280000240,West Valley,1099,2019-11-28T00:00:00.000,18:10:10,906B1,CODE 30 RINGER
912150000239,Outside,,2019-12-15T00:00:00.000,12:36:13,006,CODE 6
190610006168,77th Street,1252,2019-06-10T00:00:00.000,21:31:22,900,UNKNOWN TROUBLE
190101001323,West Valley,1041,2019-01-01T00:00:00.000,03:30:59,620FR,FAMILY R/O
911220000463,Foothill,1698,2019-11-22T00:00:00.000,20:05:18,9073,ATT SUICIDE
190929002283,Topanga,2156,2019-09-29T00:00:00.000,11:38:23,484O,OFCR HLDG
190325001524,Wilshire,0705,2019-03-25T00:00:00.000,09:05:53,415M,MAN
190609003175,Outside,,2019-06-09T00:00:00.000,14:26:31,006,CODE 6
190413001784,Topanga,2105,2019-04-13T00:00:00.000,11:07:36,242J,J/O
001120000230,West Valley,1025,2020-01-12T00:00:00.000,13:29:20,415M,MAN
190125003008,77th Street,1211,2019-01-25T00:00:00.000,14:01:12,006,CODE 6
190430000617,UNK,,2019-04-30T00:00:00.000,05:36:54,006,CODE 6
190929004416,Olympic,2076,2019-09-29T00:00:00.000,18:57:30,594SN,SUSP NOW
190722006265,Pacific,1454,2019-07-22T00:00:00.000,21:39:46,242PSN,POSS SUSP NOW
911090000318,Pacific,1441,2019-11-09T00:00:00.000,16:25:53,990,BACK-UP
190914005177,Outside,,2019-09-14T00:00:00.000,19:34:25,006,CODE 6
190112001549,Rampart,0266,2019-01-12T00:00:00.000,11:00:26,415G,GRP
191012003671,Harbor,0566,2019-10-12T00:00:00.000,20:03:01,006,CODE 6
190613005304,Topanga,2134,2019-06-13T00:00:00.000,18:30:41,006,CODE 6
190710006594,Newton,1333,2019-07-10T00:00:00.000,22:06:45,245A,AMB
190612001495,Outside,,2019-06-12T00:00:00.000,08:26:53,006,CODE 6
190814002403,Pacific,1407,2019-08-14T00:00:00.000,10:44:42,902,TRAFFIC STOP
190924000539,Outside,,2019-09-24T00:00:00.000,03:32:01,006,CODE 6
191020002772,Topanga,2103,2019-10-20T00:00:00.000,13:08:08,620DR,DOM VIOL R/O
190109004123,Newton,1344,2019-01-09T00:00:00.000,16:30:58,620B,BUSN
190319000140,Newton,,2019-03-19T00:00:00.000,00:41:10,006,CODE 6
190804005487,Newton,1323,2019-08-04T00:00:00.000,21:36:28,242SN,SUSP NOW
190314002472,Southeast,1862,2019-03-14T00:00:00.000,12:16:50,904A6,AMB DUI
911300000152,Outside,,2019-11-30T00:00:00.000,10:32:22,902,TRAFFIC STOP
190925004794,Outside,,2019-09-25T00:00:00.000,16:51:53,006,CODE 6
190816005981,Outside,,2019-08-16T00:00:00.000,20:21:22,006,CODE 6
190313005481,Wilshire,0784,2019-03-13T00:00:00.000,19:47:33,904A,AMB
191020000311,Van Nuys,0932,2019-10-20T00:00:00.000,01:05:35,9212N,TRESPASS SUSP NOW
190509000597,Wilshire,,2019-05-09T00:00:00.000,04:54:24,006,CODE 6
190525004613,Devonshire,1728,2019-05-25T00:00:00.000,19:15:20,9212,TRESPASS SUSP
912210000206,Central,0118,2019-12-21T00:00:00.000,13:24:20,9045,H & R MISD
911100000192,Hollenbeck,0478,2019-11-10T00:00:00.000,10:27:16,594SN,SUSP NOW
190730004092,77th Street,1248,2019-07-30T00:00:00.000,15:56:38,006,CODE 6
911170000365,West Valley,1004,2019-11-17T00:00:00.000,19:43:54,415W,WOMAN
190707002440,Southwest,0394,2019-07-07T00:00:00.000,12:04:31,594S,SUSP
190206006008,Southwest,0395,2019-02-06T00:00:00.000,21:39:20,245PS,POSS SUSP
190624000599,Mission,1959,2019-06-24T00:00:00.000,04:47:55,415G,GRP
190913002576,Southeast,1821,2019-09-13T00:00:00.000,12:05:25,211S,SUSP
001190000485,Mission,1961,2020-01-19T00:00:00.000,21:15:20,503P3S,POSS GTA SUSP
912260000085,Outside,,2019-12-26T00:00:00.000,06:31:27,006,CODE 6
190608004944,Southwest,0333,2019-06-08T00:00:00.000,20:43:31,507P,PARTY
190228005665,Pacific,,2019-02-28T00:00:00.000,21:12:58,902,TRAFFIC STOP
190526004022,Central,0156,2019-05-26T00:00:00.000,18:10:43,242SL,SUSP J/L
191007001328,Pacific,1446,2019-10-07T00:00:00.000,08:36:34,921S,SUSP
190828001160,Outside,,2019-08-28T00:00:00.000,07:51:00,006,CODE 6
190630003322,Outside,,2019-06-30T00:00:00.000,14:07:37,006,CODE 6
190928002031,Rampart,0269,2019-09-28T00:00:00.000,11:11:52,242D,DOM VIOL
190916005337,Outside,,2019-09-16T00:00:00.000,19:43:31,902,TRAFFIC STOP
190723006627,Olympic,2093,2019-07-23T00:00:00.000,21:58:57,006,CODE 6
912150000455,Newton,1303,2019-12-15T00:00:00.000,20:56:47,261I,INVEST
191027004605,Pacific,1414,2019-10-27T00:00:00.000,21:10:41,415GF,GROUP FIGHT
190125000585,Hollenbeck,0414,2019-01-25T00:00:00.000,03:39:59,242D,DOM VIOL
190627005351,Mission,1901,2019-06-27T00:00:00.000,18:02:17,006,CODE 6
190722003000,Mission,1982,2019-07-22T00:00:00.000,12:56:59,390M,MAN
190813004026,Outside,,2019-08-13T00:00:00.000,15:19:44,902,TRAFFIC STOP
911110000343,Northeast,1146,2019-11-11T00:00:00.000,16:59:56,620D,DOM VIOL
190427002264,UNK,,2019-04-27T00:00:00.000,12:47:04,006,CODE 6
190325001564,N Hollywood,1555,2019-03-25T00:00:00.000,10:10:40,507R,RADIO
190429000673,UNK,,2019-04-29T00:00:00.000,05:34:14,006,CODE 6
190829001485,Outside,,2019-08-29T00:00:00.000,08:28:56,902,TRAFFIC STOP
190718000042,Outside,,2019-07-18T00:00:00.000,00:09:17,006,CODE 6
191005004165,Outside,,2019-10-05T00:00:00.000,18:01:02,006,CODE 6
190201004599,77th Street,1266,2019-02-01T00:00:00.000,18:32:46,507R,RADIO
912270000164,Hollywood,0621,2019-12-27T00:00:00.000,10:10:28,921C,COMPLAINT
190815004001,Outside,,2019-08-15T00:00:00.000,15:28:49,006,CODE 6
190914001230,Pacific,1412,2019-09-14T00:00:00.000,06:55:13,415G,GRP
190929002045,77th Street,1233,2019-09-29T00:00:00.000,11:00:49,415G,GRP
001230000032,Hollywood,0638,2020-01-23T00:00:00.000,02:04:05,927AI,AMB INVEST
190303005421,Newton,1361,2019-03-03T00:00:00.000,23:45:24,415M,MAN
190316003010,Van Nuys,0923,2019-03-16T00:00:00.000,15:05:05,906B1,CODE 30 RINGER
190505001072,Van Nuys,0985,2019-05-05T00:00:00.000,05:11:29,314M,MAN
190305001367,Pacific,1479,2019-03-05T00:00:00.000,09:06:46,415W,WOMAN
190219004993,Olympic,2036,2019-02-19T00:00:00.000,19:15:41,907A4,AMB SUICIDE
190204004821,UNK,,2019-02-04T00:00:00.000,20:41:48,006,CODE 6
190610004847,Olympic,2038,2019-06-10T00:00:00.000,18:08:22,484TS,ATT SUSP
190912004506,Outside,,2019-09-12T00:00:00.000,16:30:58,006,CODE 6
190126003376,Newton,1307,2019-01-26T00:00:00.000,15:11:46,9049,REFUSING ID
190711006872,Outside,,2019-07-11T00:00:00.000,22:13:26,902,TRAFFIC STOP
190401002808,West LA,0851,2019-04-01T00:00:00.000,13:04:35,9042,COMP OF INJURY
001090000567,Outside,,2020-01-09T00:00:00.000,22:29:23,006,CODE 6
911220000076,77th Street,1209,2019-11-22T00:00:00.000,06:47:17,415M,MAN
001170000026,77th Street,1211,2020-01-17T00:00:00.000,01:59:13,918M,MALE
190618004030,Outside,,2019-06-18T00:00:00.000,14:15:26,006,CODE 6
190725004796,Outside,,2019-07-25T00:00:00.000,17:44:00,006,CODE 6
190909002678,Outside,,2019-09-09T00:00:00.000,12:15:45,006,CODE 6
190120004087,UNK,,2019-01-20T00:00:00.000,18:29:56,006,CODE 6
190409005124,West LA,0809,2019-04-09T00:00:00.000,19:13:29,906B1,CODE 30 RINGER
190824002178,Central,0182,2019-08-24T00:00:00.000,10:40:47,006,CODE 6
190622000097,Olympic,2088,2019-06-22T00:00:00.000,00:16:42,415M8W,MAN ASSLTG WMN
191024001831,Van Nuys,0955,2019-10-24T00:00:00.000,11:06:44,459I,INVEST
190819002846,Outside,,2019-08-19T00:00:00.000,12:10:20,006,CODE 6
191012002939,Pacific,1457,2019-10-12T00:00:00.000,17:38:43,594I,INVEST
190701005067,Southeast,1871,2019-07-01T00:00:00.000,18:31:43,5101,CAR
190815001895,Newton,1309,2019-08-15T00:00:00.000,09:50:29,902,TRAFFIC STOP
001050000234,Outside,,2020-01-05T00:00:00.000,13:29:56,006,CODE 6
190201003492,Van Nuys,,2019-02-01T00:00:00.000,15:20:17,006,CODE 6
191006004302,Devonshire,1764,2019-10-06T00:00:00.000,18:51:19,415G,GRP
191002000068,Pacific,1414,2019-10-02T00:00:00.000,00:21:27,930M,MAN
190914000056,N Hollywood,1521,2019-09-14T00:00:00.000,00:43:24,507P,PARTY
190205004715,Harbor,,2019-02-05T00:00:00.000,18:25:35,902,TRAFFIC STOP
911230000215,Newton,1309,2019-11-23T00:00:00.000,12:13:15,906B1,CODE 30 RINGER
190712004370,N Hollywood,1538,2019-07-12T00:00:00.000,16:47:16,484SN,SUSP NOW
190918001795,Central,0158,2019-09-18T00:00:00.000,10:07:19,245SN,SUSP NOW
911230000467,Van Nuys,0948,2019-11-23T00:00:00.000,22:40:41,390G,GRP
190523006513,Outside,,2019-05-23T00:00:00.000,22:50:39,902,TRAFFIC STOP
190226004319,West LA,0834,2019-02-26T00:00:00.000,16:34:31,50321,RECOVERED STOLEN
190428002714,UNK,,2019-04-28T00:00:00.000,13:20:18,006,CODE 6
190213001802,Hollenbeck,0412,2019-02-13T00:00:00.000,09:55:55,006,CODE 6
190512000051,Harbor,0508,2019-05-12T00:00:00.000,00:10:15,245J,J/O
190425005258,Central,,2019-04-25T00:00:00.000,18:40:46,902,TRAFFIC STOP
190410005020,Southeast,,2019-04-10T00:00:00.000,18:02:45,006,CODE 6
191012000083,Wilshire,0701,2019-10-12T00:00:00.000,00:31:27,242SN,SUSP NOW
191022005818,Wilshire,0767,2019-10-22T00:00:00.000,23:23:30,415GF,GROUP FIGHT
191009006347,Southwest,0311,2019-10-09T00:00:00.000,23:38:51,1101,NARCOTIC ACTIVITY
190329003738,West Valley,1049,2019-03-29T00:00:00.000,15:36:20,904A,AMB
190324004150,Foothill,1602,2019-03-24T00:00:00.000,19:33:56,415M,MAN
190408000947,Devonshire,1777,2019-04-08T00:00:00.000,07:38:02,904A,AMB
911240000135,Southeast,1871,2019-11-24T00:00:00.000,08:48:28,415M,MAN
190116003769,Hollywood,0645,2019-01-16T00:00:00.000,18:46:50,390M,MAN
190709003879,Outside,,2019-07-09T00:00:00.000,14:27:21,006,CODE 6
190317000563,Harbor,,2019-03-17T00:00:00.000,02:06:18,006,CODE 6
190108005763,Southeast,1849,2019-01-08T00:00:00.000,22:10:35,006,CODE 6
190109004048,Van Nuys,,2019-01-09T00:00:00.000,16:05:29,006,CODE 6
190601006199,Foothill,1653,2019-06-01T00:00:00.000,23:25:51,507P,PARTY
190605005090,Outside,,2019-06-05T00:00:00.000,19:13:21,902,TRAFFIC STOP
190621004119,Outside,,2019-06-21T00:00:00.000,15:27:32,006,CODE 6
190530005070,Outside,,2019-05-30T00:00:00.000,18:22:52,006,CODE 6
190126003775,77th Street,1203,2019-01-26T00:00:00.000,16:19:56,006,CODE 6
190827003675,Outside,,2019-08-27T00:00:00.000,14:10:24,006,CODE 6
912060000356,Hollywood,0637,2019-12-06T00:00:00.000,16:27:44,006,CODE 6
190321000065,Newton,,2019-03-21T00:00:00.000,00:15:44,006,CODE 6
190810000905,Olympic,2038,2019-08-10T00:00:00.000,04:43:23,906B1,CODE 30 RINGER
190416001690,N Hollywood,1531,2019-04-16T00:00:00.000,10:01:24,415W,WOMAN
190308000798,Central,0119,2019-03-08T00:00:00.000,06:35:59,415M,MAN
190824002114,Northeast,1143,2019-08-24T00:00:00.000,10:29:23,906B1,CODE 30 RINGER
190206001012,Wilshire,,2019-02-06T00:00:00.000,07:54:16,006,CODE 6
190205001077,West Valley,,2019-02-05T00:00:00.000,08:02:53,006,CODE 6
190212002403,Rampart,,2019-02-12T00:00:00.000,11:30:50,006,CODE 6
190403006482,Olympic,2024,2019-04-03T00:00:00.000,23:50:38,415M,MAN
190623003088,Outside,,2019-06-23T00:00:00.000,13:15:32,006,CODE 6
191005005788,West Valley,1078,2019-10-05T00:00:00.000,22:06:40,006,CODE 6
190831006449,N Hollywood,1515,2019-08-31T00:00:00.000,23:44:51,902,TRAFFIC STOP
191015006464,Outside,,2019-10-15T00:00:00.000,22:24:08,902,TRAFFIC STOP
190523006791,West Valley,1035,2019-05-23T00:00:00.000,23:48:16,902,TRAFFIC STOP
190914006155,Outside,,2019-09-14T00:00:00.000,22:07:57,902,TRAFFIC STOP
190804001005,Outside,,2019-08-04T00:00:00.000,04:44:06,006,CODE 6
190214001766,Devonshire,1749,2019-02-14T00:00:00.000,10:49:20,904A,AMB
190415005642,Van Nuys,,2019-04-15T00:00:00.000,22:38:52,006,CODE 6
912140000527,Outside,,2019-12-14T00:00:00.000,22:38:49,006,CODE 6
190622002093,Wilshire,0734,2019-06-22T00:00:00.000,10:05:05,902,TRAFFIC STOP
190214005602,Foothill,,2019-02-14T00:00:00.000,23:42:38,006,CODE 6
001060000457,Outside,,2020-01-06T00:00:00.000,19:14:27,006,CODE 6
190831005439,77th Street,1205,2019-08-31T00:00:00.000,21:52:21,4151,PARTY
190824000756,Hollenbeck,0424,2019-08-24T00:00:00.000,04:02:13,5101,CAR
190524004711,N Hollywood,1585,2019-05-24T00:00:00.000,18:54:48,459T1S,ATT BFV SUSP
190718000926,Van Nuys,0952,2019-07-18T00:00:00.000,06:29:45,620B,BUSN
190815005973,Van Nuys,0948,2019-08-15T00:00:00.000,20:18:18,918F,FEM
190812005033,77th Street,1218,2019-08-12T00:00:00.000,20:26:47,594S,SUSP
190912005827,N Hollywood,1581,2019-09-12T00:00:00.000,19:48:15,906B1,CODE 30 RINGER
190816006258,Hollenbeck,0401,2019-08-16T00:00:00.000,21:15:20,594SN,SUSP NOW
190825001264,Outside,,2019-08-25T00:00:00.000,06:24:41,006,CODE 6
190702000183,Southwest,0357,2019-07-02T00:00:00.000,00:58:44,246H,HEARD ONLY
190615005065,77th Street,1259,2019-06-15T00:00:00.000,19:44:10,507P,PARTY
190226003750,UNK,,2019-02-26T00:00:00.000,15:01:21,902,TRAFFIC STOP
190227002981,Van Nuys,0939,2019-02-27T00:00:00.000,13:15:12,006,CODE 6
190529004445,Van Nuys,0998,2019-05-29T00:00:00.000,17:27:40,906B1,CODE 30 RINGER
190531001217,Outside,,2019-05-31T00:00:00.000,08:08:58,006,CODE 6
190927005631,Outside,,2019-09-27T00:00:00.000,21:05:51,006,CODE 6
190928004863,Outside,,2019-09-28T00:00:00.000,20:29:00,006,CODE 6
001110000183,Outside,,2020-01-11T00:00:00.000,11:14:03,006,CODE 6
190103003221,West Valley,,2019-01-03T00:00:00.000,14:35:23,006,CODE 6
191018005672,Outside,,2019-10-18T00:00:00.000,21:27:54,006,CODE 6
190909005646,Wilshire,0702,2019-09-09T00:00:00.000,20:01:39,929AM,AMB MAN
190803000982,West LA,0817,2019-08-03T00:00:00.000,06:00:55,261I,INVEST
912170000311,Mission,1913,2019-12-17T00:00:00.000,13:41:25,006,CODE 6
190222001151,Harbor,0585,2019-02-22T00:00:00.000,08:35:49,906B1,CODE 30 RINGER
190515000671,West LA,0813,2019-05-15T00:00:00.000,05:21:25,620D,DOM VIOL
190226004829,West Valley,,2019-02-26T00:00:00.000,17:46:58,006,CODE 6
190921006374,Harbor,0563,2019-09-21T00:00:00.000,23:17:20,006,CODE 6
190901005011,Outside,,2019-09-01T00:00:00.000,20:17:16,902,TRAFFIC STOP
190111005067,Harbor,0522,2019-01-11T00:00:00.000,20:03:48,006,CODE 6
190829001357,Central,0192,2019-08-29T00:00:00.000,08:21:12,620LR,LANDLORD TENANT R/O
190727000002,Harbor,0541,2019-07-27T00:00:00.000,00:33:43,390GV,GRP IN VEH
190109006293,N Hollywood,1525,2019-01-09T00:00:00.000,22:36:11,006,CODE 6
191001001583,Pacific,1409,2019-10-01T00:00:00.000,09:14:21,902,TRAFFIC STOP
191026005257,Wilshire,0723,2019-10-26T00:00:00.000,22:51:59,904A,AMB
190625006120,Pacific,1415,2019-06-25T00:00:00.000,19:35:15,907A2,AMB O/D
190215000036,Central,0156,2019-02-15T00:00:00.000,00:09:55,415M,MAN
190605002990,Van Nuys,0964,2019-06-05T00:00:00.000,13:28:49,484O,OFCR HLDG
191005000275,Outside,,2019-10-05T00:00:00.000,01:05:15,006,CODE 6
912020000186,Pacific,1412,2019-12-02T00:00:00.000,10:51:18,242J,J/O
190304005301,West Valley,,2019-03-04T00:00:00.000,20:36:35,006,CODE 6
190709004462,Pacific,1428,2019-07-09T00:00:00.000,17:04:22,9045,H & R MISD
190906005145,Van Nuys,0998,2019-09-06T00:00:00.000,19:05:47,906B1,CODE 30 RINGER
001220000104,Southeast,1851,2020-01-22T00:00:00.000,07:48:13,415M,MAN
190217003661,Northeast,1107,2019-02-17T00:00:00.000,19:34:25,906B1,CODE 30 RINGER
190928000952,Outside,,2019-09-28T00:00:00.000,05:37:40,006,CODE 6
190924001004,Outside,,2019-09-24T00:00:00.000,07:06:43,006,CODE 6
190219003907,UNK,,2019-02-19T00:00:00.000,16:00:55,006,CODE 6
190713002790,Newton,1375,2019-07-13T00:00:00.000,13:03:21,50321,RECOVERED STOLEN
190624002739,Southwest,0391,2019-06-24T00:00:00.000,12:28:06,906B4,OTHER/459 SILENT
190816000307,Central,0157,2019-08-16T00:00:00.000,01:28:50,242J,J/O
190926000895,77th Street,1211,2019-09-26T00:00:00.000,06:45:19,415M,MAN
190112005208,Mission,1974,2019-01-12T00:00:00.000,23:41:20,5033S,GTA SUSP
190120002141,Southeast,1881,2019-01-20T00:00:00.000,11:39:29,50321,RECOVERED STOLEN
190321000460,Rampart,0236,2019-03-21T00:00:00.000,03:25:31,620N,NEIGHBOR
190815004660,Outside,,2019-08-15T00:00:00.000,17:02:28,902,TRAFFIC STOP
190612004132,Outside,,2019-06-12T00:00:00.000,15:43:01,006,CODE 6
190221002339,Harbor,0521,2019-02-21T00:00:00.000,11:38:11,906B1,CODE 30 RINGER
190508006863,Southwest,0362,2019-05-08T00:00:00.000,22:48:35,5036,R/O STNDG BY REC VEH
190129002090,Van Nuys,0989,2019-01-29T00:00:00.000,10:04:27,415M,MAN
190716002873,Outside,,2019-07-16T00:00:00.000,11:55:20,006,CODE 6
190118000683,Olympic,2062,2019-01-18T00:00:00.000,04:49:54,415G,GRP
190417001509,Wilshire,0776,2019-04-17T00:00:00.000,09:19:13,620N,NEIGHBOR
190529002601,Outside,,2019-05-29T00:00:00.000,11:53:17,902,TRAFFIC STOP
911160000197,Pacific,1441,2019-11-16T00:00:00.000,12:03:41,9045,H & R MISD
190930004121,Outside,,2019-09-30T00:00:00.000,17:04:21,902,TRAFFIC STOP
190725001787,Hollywood,0642,2019-07-25T00:00:00.000,09:20:29,415M,MAN
190512001702,Foothill,1672,2019-05-12T00:00:00.000,10:03:22,620M,MAN/WMN
190525001617,Pacific,1491,2019-05-25T00:00:00.000,09:20:51,390G,GRP
190718002668,Outside,,2019-07-18T00:00:00.000,11:55:39,006,CODE 6
912150000052,Mission,1982,2019-12-15T00:00:00.000,01:52:16,415F,FIGHT
190529003597,Rampart,0261,2019-05-29T00:00:00.000,14:44:35,314W,WMN
190615001657,Outside,,2019-06-15T00:00:00.000,08:33:48,006,CODE 6
191001003337,Outside,,2019-10-01T00:00:00.000,14:03:28,006,CODE 6
190704004329,Devonshire,1777,2019-07-04T00:00:00.000,16:28:05,507F,FIREWORKS
190417004835,Central,,2019-04-17T00:00:00.000,17:57:07,006,CODE 6
190528002569,Mission,1985,2019-05-28T00:00:00.000,12:29:49,9212,TRESPASS SUSP
190815006976,Outside,,2019-08-15T00:00:00.000,22:32:59,006,CODE 6
190312005529,Southeast,1881,2019-03-12T00:00:00.000,20:07:41,242SN,SUSP NOW
190709001508,Southwest,0393,2019-07-09T00:00:00.000,08:22:08,006,CODE 6
912010000339,Outside,,2019-12-01T00:00:00.000,17:46:33,006,CODE 6
190526003476,Outside,,2019-05-26T00:00:00.000,16:24:44,006,CODE 6
190202004741,Southwest,,2019-02-02T00:00:00.000,22:10:48,006,CODE 6
190102003537,West Valley,1035,2019-01-02T00:00:00.000,15:50:24,006,CODE 6
190910005489,Central,0144,2019-09-10T00:00:00.000,19:24:13,415M,MAN
911200000223,Topanga,2137,2019-11-20T00:00:00.000,13:10:55,620L,LANDLORD/TENANT
190211002332,Central,,2019-02-11T00:00:00.000,11:59:30,006,CODE 6
190623001531,Outside,,2019-06-23T00:00:00.000,07:28:26,006,CODE 6
190216001826,West Valley,1065,2019-02-16T00:00:00.000,11:03:55,906B1,CODE 30 RINGER
190605004896,Rampart,0212,2019-06-05T00:00:00.000,18:46:09,242DS,DOM VIOL SUSP
190621007533,Outside,,2019-06-21T00:00:00.000,23:09:17,006,CODE 6
190315005245,Mission,1999,2019-03-15T00:00:00.000,20:36:42,904AO,AMB OVERTURNED VEH
912090000248,Outside,,2019-12-09T00:00:00.000,12:03:02,006,CODE 6
190704004815,West LA,0805,2019-07-04T00:00:00.000,17:52:10,390MV,MAN IN VEH
001240000162,Devonshire,1705,2020-01-24T00:00:00.000,09:42:20,390M,MAN
190521004023,Pacific,1441,2019-05-21T00:00:00.000,15:59:32,415M3,MAN W/GUN
190320006521,N Hollywood,1589,2019-03-20T00:00:00.000,22:47:45,459SN,SUSP NOW
912160000550,Foothill,1676,2019-12-16T00:00:00.000,22:35:20,415W,WOMAN
190325000344,Hollenbeck,0467,2019-03-25T00:00:00.000,02:08:07,507O,OTHER
190626007362,Northeast,1189,2019-06-26T00:00:00.000,22:52:31,620D,DOM VIOL
191023001605,Wilshire,0702,2019-10-23T00:00:00.000,09:28:54,415M,MAN
001050000496,Newton,1375,2020-01-06T00:00:00.000,01:31:50,906B1,CODE 30 RINGER
190610002283,Central,0124,2019-06-10T00:00:00.000,10:57:40,006,CODE 6
190615006855,Wilshire,0775,2019-06-15T00:00:00.000,23:28:58,415G,GRP
190601005896,Newton,1352,2019-06-01T00:00:00.000,22:20:20,507P,PARTY
190731006758,77th Street,1268,2019-07-31T00:00:00.000,22:10:41,9212,TRESPASS SUSP
190216002335,Southeast,,2019-02-16T00:00:00.000,12:41:47,006,CODE 6
190808003927,Pacific,1452,2019-08-08T00:00:00.000,14:43:48,921SN,SUSP NOW
191016001525,West LA,0884,2019-10-16T00:00:00.000,11:15:47,459I,INVEST
190717004830,Southeast,1861,2019-07-17T00:00:00.000,16:57:57,314W,WMN
191030002290,Southeast,1802,2019-10-30T00:00:00.000,12:51:13,242I,BATTERY INVEST
190704007452,Pacific,1474,2019-07-04T00:00:00.000,22:04:30,459SL,SUSP J/L
911050000128,Northeast,1142,2019-11-05T00:00:00.000,15:58:36,9212,TRESPASS SUSP
191026003269,Rampart,0246,2019-10-26T00:00:00.000,16:33:58,620M,MAN/WMN
191007003710,Outside,,2019-10-07T00:00:00.000,15:27:10,006,CODE 6
190627007105,Southwest,0363,2019-06-27T00:00:00.000,21:56:23,415G,GRP
912280000233,Pacific,1401,2019-12-28T00:00:00.000,13:39:01,415M,MAN
911120000284,Hollenbeck,0402,2019-11-12T00:00:00.000,13:58:22,594SN,SUSP NOW
001170000030,Outside,,2020-01-17T00:00:00.000,02:06:35,006,CODE 6
190923003031,Mission,1974,2019-09-23T00:00:00.000,13:12:11,620D,DOM VIOL
190204000393,Southeast,1841,2019-02-04T00:00:00.000,02:39:56,900,UNKNOWN TROUBLE
190425005658,77th Street,1255,2019-04-25T00:00:00.000,19:46:14,006,CODE 6
190305005908,N Hollywood,1566,2019-03-05T00:00:00.000,23:29:32,902,TRAFFIC STOP
190617002674,Outside,,2019-06-17T00:00:00.000,11:47:20,006,CODE 6
190207005664,Newton,1383,2019-02-07T00:00:00.000,20:39:02,288P4,POSS ABUSE
190110006137,Rampart,,2019-01-10T00:00:00.000,21:30:41,006,CODE 6
191004003674,Outside,,2019-10-04T00:00:00.000,15:15:11,006,CODE 6
190810002642,Outside,,2019-08-10T00:00:00.000,12:41:49,006,CODE 6
190720003881,Outside,,2019-07-20T00:00:00.000,15:59:07,006,CODE 6
190706004134,Newton,1367,2019-07-06T00:00:00.000,18:28:00,4591I,BFV INVEST
190112004350,Southwest,0373,2019-01-12T00:00:00.000,20:55:52,246H,HEARD ONLY
191018000332,Hollywood,0647,2019-10-18T00:00:00.000,01:40:25,459PS,POSS SUSP
190716003624,Van Nuys,0935,2019-07-16T00:00:00.000,13:56:12,594S,SUSP
190601002776,Outside,,2019-06-01T00:00:00.000,13:22:20,902,TRAFFIC STOP
191015004622,Foothill,1611,2019-10-15T00:00:00.000,17:04:39,9212,TRESPASS SUSP
190615006166,Outside,,2019-06-15T00:00:00.000,21:40:07,006,CODE 6
190815002933,Outside,,2019-08-15T00:00:00.000,12:43:16,006,CODE 6
190523001720,West Valley,1029,2019-05-23T00:00:00.000,09:43:48,900,UNKNOWN TROUBLE
190806001813,Outside,,2019-08-06T00:00:00.000,09:46:19,006,CODE 6
912230000019,Northeast,1109,2019-12-23T00:00:00.000,01:08:22,006,CODE 6
912260000028,Central,0158,2019-12-26T00:00:00.000,02:10:10,900,UNKNOWN TROUBLE
190526000075,Outside,,2019-05-26T00:00:00.000,00:10:37,006,CODE 6
912060000266,Harbor,0587,2019-12-06T00:00:00.000,13:05:32,918M,MALE
190712000234,Newton,1321,2019-07-12T00:00:00.000,01:02:15,907P3,POSS ATT SUICIDE
190531002849,Outside,,2019-05-31T00:00:00.000,13:25:23,006,CODE 6
191016001814,Outside,,2019-10-16T00:00:00.000,10:02:14,006,CODE 6
190420001148,77th Street,1204,2019-04-20T00:00:00.000,07:42:53,415M,MAN
190928000360,Southwest,0392,2019-09-28T00:00:00.000,03:00:40,507R,RADIO
190105001710,Newton,,2019-01-05T00:00:00.000,11:11:13,006,CODE 6
190617005986,Central,0154,2019-06-17T00:00:00.000,19:45:30,594SN,SUSP NOW
190203004359,Northeast,1172,2019-02-03T00:00:00.000,21:39:35,415M,MAN
190110004108,Pacific,1412,2019-01-10T00:00:00.000,15:56:31,006,CODE 6
190810002764,Wilshire,0738,2019-08-10T00:00:00.000,13:06:13,904A3,AMB CPI
912230000525,Outside,,2019-12-23T00:00:00.000,23:58:21,006,CODE 6
190824002706,Outside,,2019-08-24T00:00:00.000,12:22:09,006,CODE 6
191008003687,Outside,,2019-10-08T00:00:00.000,14:33:42,006,CODE 6
190702003312,Outside,,2019-07-02T00:00:00.000,13:45:16,006,CODE 6
190221001731,UNK,,2019-02-21T00:00:00.000,09:50:14,006,CODE 6
190807005583,Van Nuys,0938,2019-08-07T00:00:00.000,19:05:19,415F,FIGHT
912130000125,Central,0158,2019-12-13T00:00:00.000,08:25:19,447A,AMB
912220000433,Outside,,2019-12-22T00:00:00.000,20:35:35,006,CODE 6
190715006233,Northeast,1143,2019-07-15T00:00:00.000,21:50:38,242D,DOM VIOL
190816006728,Wilshire,0778,2019-08-16T00:00:00.000,22:06:02,006,CODE 6
190812004962,Outside,,2019-08-12T00:00:00.000,19:58:40,902,TRAFFIC STOP
190720003862,Van Nuys,0964,2019-07-20T00:00:00.000,15:57:47,390MV,MAN IN VEH
190613004087,Hollywood,0615,2019-06-13T00:00:00.000,15:15:39,245PS,POSS SUSP
190903002233,Southeast,1862,2019-09-03T00:00:00.000,10:07:15,246I,INVEST
190423002862,UNK,,2019-04-23T00:00:00.000,12:01:39,006,CODE 6
190207005429,Foothill,1651,2019-02-07T00:00:00.000,19:55:13,006,CODE 6
190815002245,Southwest,0379,2019-08-15T00:00:00.000,11:08:34,459S,SUSP
190403002757,UNK,,2019-04-03T00:00:00.000,13:00:55,006,CODE 6
001070000565,Outside,,2020-01-07T00:00:00.000,22:21:39,902,TRAFFIC STOP
190824001088,Southeast,1849,2019-08-24T00:00:00.000,06:57:04,459PS,POSS SUSP
190418006669,UNK,,2019-04-18T00:00:00.000,22:46:38,006,CODE 6
190729006414,Hollywood,0632,2019-07-29T00:00:00.000,21:32:24,006,CODE 6
001110000235,Hollenbeck,0449,2020-01-11T00:00:00.000,13:24:49,314W,WMN
912100000093,Outside,,2019-12-10T00:00:00.000,07:20:41,902,TRAFFIC STOP
190829007112,Olympic,2099,2019-08-29T00:00:00.000,23:38:59,006,CODE 6
190916005430,Outside,,2019-09-16T00:00:00.000,19:56:52,006,CODE 6
191006001348,Outside,,2019-10-06T00:00:00.000,07:19:11,006,CODE 6
190709005227,Outside,,2019-07-09T00:00:00.000,17:45:49,006,CODE 6
190421001688,West LA,,2019-04-21T00:00:00.000,10:49:07,006,CODE 6
190426004883,Southeast,,2019-04-26T00:00:00.000,19:08:40,006,CODE 6
001230000145,N Hollywood,1512,2020-01-23T00:00:00.000,09:00:30,314M,MAN
190530006869,77th Street,1253,2019-05-30T00:00:00.000,23:49:29,484PS,POSS SUSP
190711004061,Olympic,2088,2019-07-11T00:00:00.000,15:20:21,9212N,TRESPASS SUSP NOW
190325004946,Devonshire,1797,2019-03-25T00:00:00.000,19:32:48,415M,MAN
191008000196,Outside,,2019-10-08T00:00:00.000,01:04:18,006,CODE 6
001170000243,Foothill,1654,2020-01-17T00:00:00.000,12:41:30,415MP3,MAN POSS GUN
190612002953,Outside,,2019-06-12T00:00:00.000,12:40:29,006,CODE 6
912220000416,Southeast,1805,2019-12-22T00:00:00.000,19:57:44,006,CODE 6
190718000373,Olympic,2029,2019-07-18T00:00:00.000,01:54:08,006,CODE 6
190724005302,Van Nuys,0989,2019-07-24T00:00:00.000,18:24:37,9073,ATT SUICIDE
190127005874,Foothill,1622,2019-01-27T00:00:00.000,23:31:26,006,CODE 6
190307004299,Central,,2019-03-07T00:00:00.000,16:28:49,902,TRAFFIC STOP
911080000597,Northeast,1134,2019-11-08T00:00:00.000,23:20:45,507R,RADIO
190207001685,UNK,,2019-02-07T00:00:00.000,09:31:37,006,CODE 6
191020003939,77th Street,1232,2019-10-20T00:00:00.000,17:24:08,211J,J/O
190401004923,Newton,,2019-04-01T00:00:00.000,18:27:08,006,CODE 6
190803001719,Outside,,2019-08-03T00:00:00.000,09:35:30,006,CODE 6
190325000890,Hollenbeck,,2019-03-25T00:00:00.000,07:02:12,006,CODE 6
190329002177,Van Nuys,0952,2019-03-29T00:00:00.000,11:14:37,620M,MAN/WMN
911240000452,77th Street,1268,2019-11-24T00:00:00.000,22:09:20,9212,TRESPASS SUSP
001230000210,Olympic,2027,2020-01-23T00:00:00.000,10:45:43,006,CODE 6
190225000421,Southwest,0334,2019-02-25T00:00:00.000,03:41:54,415M,MAN
190915005784,Rampart,0237,2019-09-15T00:00:00.000,22:34:03,511,RECKLESS DRIVER
190618001741,N Hollywood,1521,2019-06-18T00:00:00.000,09:23:51,907P3,POSS ATT SUICIDE
190615002428,Van Nuys,0946,2019-06-15T00:00:00.000,11:25:11,6201,ROOMMATE
912290000331,Topanga,2156,2019-12-29T00:00:00.000,17:13:47,484SL,SUSP J/L
191005003681,77th Street,1205,2019-10-05T00:00:00.000,16:42:07,620F,FAMILY
190427002860,Harbor,0563,2019-04-27T00:00:00.000,14:50:02,242DS,DOM VIOL SUSP
190706006476,Outside,,2019-07-06T00:00:00.000,23:29:23,006,CODE 6
190330005175,Hollywood,0642,2019-03-30T00:00:00.000,21:33:44,906B1,CODE 30 RINGER
190111000677,Central,0153,2019-01-11T00:00:00.000,05:26:00,459X,I/P
190913004834,Southeast,1881,2019-09-13T00:00:00.000,18:17:11,415G,GRP
190312003539,Wilshire,,2019-03-12T00:00:00.000,14:40:58,006,CODE 6
190829001340,Mission,1995,2019-08-29T00:00:00.000,08:10:53,415M,MAN
190824002749,West Valley,1061,2019-08-24T00:00:00.000,12:30:28,9044,H & R FEL
912100000112,Outside,,2019-12-10T00:00:00.000,07:58:53,006,CODE 6
001040000487,Wilshire,0743,2020-01-04T00:00:00.000,20:49:36,9044,H & R FEL
190805006398,Outside,,2019-08-05T00:00:00.000,23:18:10,006,CODE 6
191010001670,Outside,,2019-10-10T00:00:00.000,09:12:38,006,CODE 6
191002003255,Outside,,2019-10-02T00:00:00.000,14:48:49,006,CODE 6
190706000731,Pacific,1443,2019-07-06T00:00:00.000,03:59:10,9065,VISUAL (C30 VICTOR)
190807003883,Central,0142,2019-08-07T00:00:00.000,14:44:28,594SN,SUSP NOW
912080000365,Pacific,1449,2019-12-08T00:00:00.000,18:10:57,930W,WMN
911230000400,Hollenbeck,0424,2019-11-23T00:00:00.000,19:37:48,620D,DOM VIOL
190513004502,Outside,,2019-05-13T00:00:00.000,17:27:22,006,CODE 6
190921006419,Northeast,1122,2019-09-21T00:00:00.000,23:23:44,006,CODE 6
190322001970,Foothill,1637,2019-03-22T00:00:00.000,10:53:43,006,CODE 6
190911000185,Wilshire,0784,2019-09-11T00:00:00.000,00:43:26,415M8W,MAN ASSLTG WMN
190622003314,Outside,,2019-06-22T00:00:00.000,13:44:04,006,CODE 6
190802004462,Foothill,1663,2019-08-02T00:00:00.000,17:29:27,9046,DUI INVD
190407002958,Harbor,,2019-04-07T00:00:00.000,15:01:42,006,CODE 6
190806004344,Southeast,1822,2019-08-06T00:00:00.000,17:06:58,006,CODE 6
190319000597,UNK,,2019-03-19T00:00:00.000,04:32:22,006,CODE 6
190615001947,Outside,,2019-06-15T00:00:00.000,09:35:45,006,CODE 6
190129002611,Devonshire,,2019-01-29T00:00:00.000,11:13:33,006,CODE 6
190209000744,UNK,,2019-02-09T00:00:00.000,04:31:10,006,CODE 6
190830002032,Outside,,2019-08-30T00:00:00.000,10:23:19,006,CODE 6
190706006083,Topanga,2128,2019-07-06T00:00:00.000,23:10:35,415JG,JUV GRP
191023005121,Hollenbeck,0448,2019-10-23T00:00:00.000,20:07:46,2881SN,MOLEST SUSP NOW
190810004290,Van Nuys,0943,2019-08-10T00:00:00.000,17:31:27,459PSN,POSS SUSP NOW
190704005828,Southwest,0337,2019-07-04T00:00:00.000,20:13:20,507P,PARTY
912280000199,Olympic,2056,2019-12-28T00:00:00.000,12:14:24,006,CODE 6
190619000682,N Hollywood,1517,2019-06-19T00:00:00.000,03:51:39,242D,DOM VIOL
190506004314,Rampart,0256,2019-05-06T00:00:00.000,17:31:12,415M,MAN
912090000440,Outside,,2019-12-09T00:00:00.000,17:42:01,902,TRAFFIC STOP
001210000041,Outside,,2020-01-21T00:00:00.000,03:20:41,006,CODE 6
190406001502,Southwest,,2019-04-06T00:00:00.000,09:19:52,006,CODE 6
190619001709,Outside,,2019-06-19T00:00:00.000,08:43:07,006,CODE 6
191003000044,Outside,,2019-10-03T00:00:00.000,00:10:41,006,CODE 6
191102001022,77th Street,1283,2019-11-02T00:00:00.000,07:16:20,594I,INVEST
190628006278,Outside,,2019-06-28T00:00:00.000,20:17:27,006,CODE 6
191017004191,Rampart,0231,2019-10-17T00:00:00.000,17:16:58,620B,BUSN
190814006479,West Valley,1004,2019-08-14T00:00:00.000,21:08:32,459PS,POSS SUSP
190605003016,West LA,0881,2019-06-05T00:00:00.000,13:36:13,415M,MAN
911240000214,Outside,,2019-11-24T00:00:00.000,13:54:32,006,CODE 6
190611005966,Wilshire,0743,2019-06-11T00:00:00.000,19:59:26,900,UNKNOWN TROUBLE
190507000107,Hollywood,0637,2019-05-07T00:00:00.000,00:32:27,314M,MAN
190808004392,Outside,,2019-08-08T00:00:00.000,15:44:25,006,CODE 6
191022004320,Outside,,2019-10-22T00:00:00.000,20:10:23,006,CODE 6
190302003975,Southwest,0375,2019-03-02T00:00:00.000,19:37:49,006,CODE 6
190715002030,Outside,,2019-07-15T00:00:00.000,10:00:01,006,CODE 6
190828001551,West LA,0803,2019-08-28T00:00:00.000,08:44:01,006,CODE 6
190212005885,Hollywood,0647,2019-02-12T00:00:00.000,21:23:32,507R,RADIO
191012001663,Outside,,2019-10-12T00:00:00.000,11:54:31,006,CODE 6
190620003686,Outside,,2019-06-20T00:00:00.000,14:45:10,006,CODE 6
190901005512,Newton,1353,2019-09-01T00:00:00.000,21:36:53,9046,DUI INVD
190201005839,Southwest,,2019-02-01T00:00:00.000,21:48:50,006,CODE 6
190624006554,Olympic,2054,2019-06-24T00:00:00.000,22:19:18,006,CODE 6
190729007000,Mission,1983,2019-07-30T00:00:00.000,00:22:41,9212,TRESPASS SUSP
190912006320,West Valley,1012,2019-09-12T00:00:00.000,21:04:43,242S,SUSP
190430000984,Mission,1901,2019-04-30T00:00:00.000,07:23:53,006,CODE 6
190307002199,Mission,,2019-03-07T00:00:00.000,10:54:56,006,CODE 6
190615003058,Outside,,2019-06-15T00:00:00.000,13:19:38,006,CODE 6
190419001773,Harbor,,2019-04-19T00:00:00.000,09:54:01,006,CODE 6
190301002129,UNK,,2019-03-01T00:00:00.000,10:57:16,006,CODE 6
912180000601,Pacific,1412,2019-12-18T00:00:00.000,23:16:06,906B1,CODE 30 RINGER
190108005115,Mission,,2019-01-08T00:00:00.000,19:52:09,006,CODE 6
191023004579,Harbor,0513,2019-10-23T00:00:00.000,19:17:43,242DI,DOM VIOL INVESTIGATI
190713002421,Devonshire,1753,2019-07-13T00:00:00.000,11:47:07,902,TRAFFIC STOP
191017000595,77th Street,1253,2019-10-17T00:00:00.000,04:59:58,110S,NARCOTIC SUSP
912050000023,Hollywood,0632,2019-12-05T00:00:00.000,01:28:49,594SN,SUSP NOW
190703003063,West LA,0824,2019-07-03T00:00:00.000,13:01:07,902,TRAFFIC STOP
190516001667,Devonshire,1793,2019-05-16T00:00:00.000,09:49:29,9049,REFUSING ID
190201001982,Southeast,1851,2019-02-01T00:00:00.000,10:51:55,620B,BUSN
190516000727,Southwest,0359,2019-05-16T00:00:00.000,05:46:46,906B4,OTHER/459 SILENT
190722000546,Hollywood,0643,2019-07-22T00:00:00.000,02:52:30,9212,TRESPASS SUSP
190821000317,Outside,,2019-08-21T00:00:00.000,01:47:57,006,CODE 6
912060000262,Topanga,2136,2019-12-06T00:00:00.000,12:59:52,415M,MAN
190729004286,Outside,,2019-07-29T00:00:00.000,15:53:53,902,TRAFFIC STOP
911230000093,West Valley,1008,2019-11-23T00:00:00.000,06:45:32,507R,RADIO
001210000370,Wilshire,0722,2020-01-21T00:00:00.000,14:53:48,006,CODE 6
912020000005,Devonshire,1761,2019-12-02T00:00:00.000,00:20:46,415M,MAN
190712007077,Northeast,1133,2019-07-12T00:00:00.000,23:13:45,390W,WMN
190214003395,Harbor,0514,2019-02-14T00:00:00.000,16:31:35,9045,H & R MISD
190221003875,Newton,1325,2019-02-21T00:00:00.000,16:07:12,620L,LANDLORD/TENANT
190902003823,Outside,,2019-09-02T00:00:00.000,15:51:44,006,CODE 6
190615003632,Outside,,2019-06-15T00:00:00.000,15:12:53,006,CODE 6
001240000023,Outside,,2020-01-24T00:00:00.000,01:09:18,006,CODE 6
190612002935,West LA,0801,2019-06-12T00:00:00.000,12:37:34,006,CODE 6
190911004608,Foothill,1611,2019-09-11T00:00:00.000,16:44:46,906B1,CODE 30 RINGER
190531004279,Southeast,1821,2019-05-31T00:00:00.000,18:06:30,900,UNKNOWN TROUBLE
190421004476,Van Nuys,,2019-04-21T00:00:00.000,21:40:54,006,CODE 6
190306005026,77th Street,,2019-03-06T00:00:00.000,21:09:49,006,CODE 6
190502001481,Mission,1985,2019-05-02T00:00:00.000,08:28:36,594I,INVEST
001170000048,Outside,,2020-01-17T00:00:00.000,04:01:09,006,CODE 6
190816002101,Newton,1345,2019-08-16T00:00:00.000,10:40:57,1101,NARCOTIC ACTIVITY
190315002859,77th Street,,2019-03-15T00:00:00.000,13:32:57,006,CODE 6
911100000066,Hollywood,0615,2019-11-10T00:00:00.000,04:13:04,507P,PARTY
191015003852,Outside,,2019-10-15T00:00:00.000,15:02:28,006,CODE 6
190826002555,Olympic,2045,2019-08-26T00:00:00.000,11:58:09,594SL,SUSP J/L
190405004128,West Valley,,2019-04-05T00:00:00.000,17:47:05,006,CODE 6
190622000598,Outside,,2019-06-22T00:00:00.000,02:10:28,902,TRAFFIC STOP
190304001342,UNK,,2019-03-04T00:00:00.000,08:40:39,006,CODE 6
190519002450,Wilshire,0783,2019-05-19T00:00:00.000,14:06:08,620F,FAMILY
190808005127,Rampart,0203,2019-08-08T00:00:00.000,19:32:48,9045,H & R MISD
912270000097,Pacific,1446,2019-12-27T00:00:00.000,07:54:54,900,UNKNOWN TROUBLE
190702000554,West Valley,1061,2019-07-02T00:00:00.000,04:05:47,459W,WINDOW SMASH
190815003797,Southeast,1821,2019-08-15T00:00:00.000,14:53:38,006,CODE 6
190101004524,West Valley,1015,2019-01-01T00:00:00.000,19:17:52,415M,MAN
190904000184,Van Nuys,0914,2019-09-04T00:00:00.000,00:56:07,907A2,AMB O/D
190403002318,Northeast,,2019-04-03T00:00:00.000,11:45:07,006,CODE 6
190509004107,Hollenbeck,,2019-05-09T00:00:00.000,16:18:26,006,CODE 6
190907001730,Olympic,2024,2019-09-07T00:00:00.000,09:22:11,620D,DOM VIOL
190426000746,Northeast,,2019-04-26T00:00:00.000,06:03:48,006,CODE 6
190508000033,Olympic,2038,2019-05-08T00:00:00.000,00:07:05,415M,MAN
190611001251,Outside,,2019-06-11T00:00:00.000,07:45:50,006,CODE 6
001120000442,Pacific,1445,2020-01-12T00:00:00.000,21:49:36,415M,MAN
190223004019,Central,0176,2019-02-23T00:00:00.000,17:57:09,906B1,CODE 30 RINGER
912070000017,Topanga,2177,2019-12-07T00:00:00.000,00:54:01,507P,PARTY
190728005706,Mission,1974,2019-07-28T00:00:00.000,21:47:59,459X,I/P
190116000084,Central,0152,2019-01-16T00:00:00.000,00:39:17,006,CODE 6
190903002598,Outside,,2019-09-03T00:00:00.000,11:03:41,006,CODE 6
912140000004,Outside,,2019-12-14T00:00:00.000,00:09:54,006,CODE 6
190417001077,Olympic,,2019-04-17T00:00:00.000,08:00:53,006,CODE 6
191010001772,Outside,,2019-10-10T00:00:00.000,09:30:28,006,CODE 6
190618000525,West LA,0841,2019-06-18T00:00:00.000,03:49:02,415M,MAN
191014002702,Harbor,0517,2019-10-14T00:00:00.000,12:50:26,415F,FIGHT
911250000583,Southeast,1842,2019-11-25T00:00:00.000,23:52:40,242S,SUSP
190403005012,Hollywood,0667,2019-04-03T00:00:00.000,19:31:57,9212,TRESPASS SUSP
190419002933,Central,,2019-04-19T00:00:00.000,13:17:47,006,CODE 6
190907001664,Outside,,2019-09-07T00:00:00.000,09:06:53,006,CODE 6
190626002153,Outside,,2019-06-26T00:00:00.000,10:24:52,006,CODE 6
190131001608,Southeast,,2019-01-31T00:00:00.000,09:28:17,006,CODE 6
190725004620,Van Nuys,0911,2019-07-25T00:00:00.000,17:19:02,245AS,AMB SUSP
190923000341,N Hollywood,1569,2019-09-23T00:00:00.000,01:47:12,906B1,CODE 30 RINGER
190619007238,Outside,,2019-06-19T00:00:00.000,23:00:41,006,CODE 6
191011003634,Outside,,2019-10-11T00:00:00.000,19:17:13,006,CODE 6
912180000166,Outside,,2019-12-18T00:00:00.000,09:36:44,006,CODE 6
190305001030,Hollywood,0645,2019-03-05T00:00:00.000,07:56:35,507C,CONSTRUCTION
190302004903,Hollenbeck,0402,2019-03-02T00:00:00.000,22:20:45,620M,MAN/WMN
190926001287,Outside,,2019-09-26T00:00:00.000,07:57:41,006,CODE 6
190710004662,Pacific,1485,2019-07-10T00:00:00.000,17:55:24,906B1,CODE 30 RINGER
190512001682,Central,0156,2019-05-12T00:00:00.000,09:58:09,9212N,TRESPASS SUSP NOW
911090000059,Foothill,1653,2019-11-09T00:00:00.000,03:47:39,415G,GRP
191019004663,Hollenbeck,0416,2019-10-19T00:00:00.000,20:12:58,921C,COMPLAINT
190404002123,West Valley,1044,2019-04-04T00:00:00.000,10:48:53,415M6,MAN W/KNIVES
190710004336,West Valley,1025,2019-07-10T00:00:00.000,16:27:26,90436,CPI DUI INV
001070000530,Outside,,2020-01-07T00:00:00.000,21:09:39,006,CODE 6
190611006340,Hollywood,0622,2019-06-11T00:00:00.000,21:01:38,006,CODE 6
190720001967,Pacific,1432,2019-07-20T00:00:00.000,10:13:08,4591I,BFV INVEST
912110000230,Southeast,1824,2019-12-11T00:00:00.000,11:38:34,006,CODE 6
190207006101,Mission,1921,2019-02-07T00:00:00.000,22:03:18,9045,H & R MISD
190604000051,Outside,,2019-06-04T00:00:00.000,00:12:25,006,CODE 6
190712005636,Outside,,2019-07-12T00:00:00.000,19:47:21,006,CODE 6
190709007237,Harbor,0518,2019-07-09T00:00:00.000,23:18:52,921P2,POSS TRESPASS SUSP
190830000214,Foothill,1657,2019-08-30T00:00:00.000,00:50:29,459PS,POSS SUSP
190618001999,Outside,,2019-06-18T00:00:00.000,09:47:05,006,CODE 6
190409006469,Topanga,2157,2019-04-09T00:00:00.000,23:42:41,415G,GRP
190518002710,Southwest,0334,2019-05-18T00:00:00.000,13:17:27,415M8W,MAN ASSLTG WMN
190906005764,Central,0165,2019-09-06T00:00:00.000,20:14:47,261PS,POSS SUSP
190312001462,Northeast,1175,2019-03-12T00:00:00.000,09:01:07,902,TRAFFIC STOP
190207002460,77th Street,1205,2019-02-07T00:00:00.000,11:57:32,6201,ROOMMATE
190501005153,Wilshire,0724,2019-05-01T00:00:00.000,17:49:56,484SL,SUSP J/L
190821007264,Outside,,2019-08-21T00:00:00.000,23:33:26,006,CODE 6
190714000063,Devonshire,1767,2019-07-14T00:00:00.000,00:16:00,620N,NEIGHBOR
190506005827,Central,0162,2019-05-06T00:00:00.000,21:33:40,245SN,SUSP NOW
911170000309,Foothill,1676,2019-11-17T00:00:00.000,15:53:23,242D,DOM VIOL
190726000267,Hollywood,0645,2019-07-26T00:00:00.000,01:10:07,9212,TRESPASS SUSP
190604006225,Outside,,2019-06-04T00:00:00.000,22:18:48,006,CODE 6
190829002404,Outside,,2019-08-29T00:00:00.000,11:11:51,006,CODE 6
191008005988,77th Street,1253,2019-10-08T00:00:00.000,20:59:06,620F,FAMILY
190113003419,Southeast,1804,2019-01-13T00:00:00.000,17:19:51,006,CODE 6
190730000554,Olympic,2044,2019-07-30T00:00:00.000,03:26:23,006,CODE 6
190531003930,Hollenbeck,0448,2019-05-31T00:00:00.000,17:45:50,620B,BUSN
191026002060,West Valley,1078,2019-10-26T00:00:00.000,11:08:56,9046,DUI INVD
190731006005,Foothill,1676,2019-07-31T00:00:00.000,20:15:10,415G,GRP
190619006705,Hollenbeck,0491,2019-06-19T00:00:00.000,21:38:35,415W,WOMAN
190615002021,West LA,0851,2019-06-15T00:00:00.000,09:53:09,902,TRAFFIC STOP
190521003953,Olympic,2097,2019-05-21T00:00:00.000,15:45:48,459I,INVEST
190212003022,Newton,1383,2019-02-12T00:00:00.000,13:13:18,6201,ROOMMATE
912310000417,Hollenbeck,0426,2019-12-31T00:00:00.000,18:55:27,246H,HEARD ONLY
190629002762,Hollywood,0676,2019-06-29T00:00:00.000,12:13:22,906B1,CODE 30 RINGER
190722000125,Central,0152,2019-07-22T00:00:00.000,00:29:16,902,TRAFFIC STOP
190101001114,Van Nuys,0946,2019-01-01T00:00:00.000,02:38:47,907A3,AMB ATT SUICIDE
190220003474,Pacific,,2019-02-20T00:00:00.000,14:13:38,006,CODE 6
912080000295,Rampart,0257,2019-12-08T00:00:00.000,15:25:48,207P,POSS
190220005656,Mission,,2019-02-20T00:00:00.000,20:41:00,006,CODE 6
190401003532,Van Nuys,,2019-04-01T00:00:00.000,14:54:35,006,CODE 6
190202005266,Foothill,1684,2019-02-03T00:00:00.000,00:01:08,484I,INVEST
190124001616,Southwest,,2019-01-24T00:00:00.000,09:11:33,006,CODE 6
912150000288,Pacific,1406,2019-12-15T00:00:00.000,14:33:58,1101,NARCOTIC ACTIVITY
190703006804,Southwest,0395,2019-07-03T00:00:00.000,22:34:41,9073,ATT SUICIDE
190227005404,West LA,0852,2019-02-27T00:00:00.000,20:24:15,006,CODE 6
190411001447,Hollywood,0646,2019-04-11T00:00:00.000,09:10:01,006,CODE 6
001090000106,Outside,,2020-01-09T00:00:00.000,07:54:08,006,CODE 6
190118005029,77th Street,1265,2019-01-18T00:00:00.000,21:07:06,006,CODE 6
190703000757,Hollywood,0643,2019-07-03T00:00:00.000,04:55:18,459PS,POSS SUSP
190122005464,UNK,,2019-01-22T00:00:00.000,20:11:54,006,CODE 6
190715001397,Harbor,0563,2019-07-15T00:00:00.000,08:12:56,415M8W,MAN ASSLTG WMN
001160000199,Southeast,1863,2020-01-16T00:00:00.000,10:46:08,006,CODE 6
190103005666,UNK,,2019-01-03T00:00:00.000,21:38:29,006,CODE 6
191003002184,Outside,,2019-10-03T00:00:00.000,10:46:47,902,TRAFFIC STOP
190127002874,Southwest,,2019-01-27T00:00:00.000,13:56:28,006,CODE 6
190914004206,N Hollywood,1555,2019-09-14T00:00:00.000,17:00:51,242SL,SUSP J/L
190627000270,Olympic,2029,2019-06-27T00:00:00.000,01:11:43,9045,H & R MISD
911070000295,Topanga,2189,2019-11-07T00:00:00.000,13:22:57,918M,MALE
190208004533,Pacific,1433,2019-02-08T00:00:00.000,18:22:34,006,CODE 6
190315000531,Newton,1351,2019-03-15T00:00:00.000,03:09:10,7203,FD
190719005798,Outside,,2019-07-19T00:00:00.000,20:15:02,006,CODE 6
190504002546,UNK,,2019-05-04T00:00:00.000,12:59:00,006,CODE 6
191016000744,Outside,,2019-10-16T00:00:00.000,06:14:04,006,CODE 6
190426003600,77th Street,1207,2019-04-26T00:00:00.000,15:54:30,9043,CPI
190403006196,UNK,,2019-04-03T00:00:00.000,22:38:17,006,CODE 6
190129006838,Van Nuys,0914,2019-01-29T00:00:00.000,23:31:16,415G,GRP
001180000497,N Hollywood,1567,2020-01-18T00:00:00.000,22:18:57,9901,OFCR
190904002354,Outside,,2019-09-04T00:00:00.000,10:52:19,006,CODE 6
191002002807,Outside,,2019-10-02T00:00:00.000,13:20:19,006,CODE 6
911100000497,Central,0123,2019-11-10T00:00:00.000,21:25:00,921O,OFCR HLDG
190519003463,Outside,,2019-05-19T00:00:00.000,17:40:07,006,CODE 6
190718006727,West LA,0852,2019-07-18T00:00:00.000,22:14:00,459PS,POSS SUSP
911200000117,Central,0119,2019-11-20T00:00:00.000,08:18:41,594I,INVEST
190319004372,Hollywood,,2019-03-19T00:00:00.000,16:24:42,006,CODE 6
190820002078,Outside,,2019-08-20T00:00:00.000,10:04:23,006,CODE 6
001040000207,Outside,,2020-01-04T00:00:00.000,11:27:27,006,CODE 6
190813007115,West Valley,1061,2019-08-13T00:00:00.000,23:35:57,507P,PARTY
190919003620,Newton,1347,2019-09-19T00:00:00.000,15:00:36,5031I,STOLEN INV
190902002551,Central,0146,2019-09-02T00:00:00.000,12:18:33,110S,NARCOTIC SUSP
190703005101,Newton,1341,2019-07-03T00:00:00.000,19:25:35,9045,H & R MISD
190522000277,Van Nuys,0952,2019-05-22T00:00:00.000,02:01:22,507R,RADIO
190705005419,Outside,,2019-07-05T00:00:00.000,18:41:57,006,CODE 6
190529005710,Hollenbeck,0427,2019-05-29T00:00:00.000,19:50:45,242SN,SUSP NOW
001100000531,Hollywood,0657,2020-01-10T00:00:00.000,21:48:38,902,TRAFFIC STOP
190123002978,UNK,,2019-01-23T00:00:00.000,12:26:57,006,CODE 6
190626004222,Outside,,2019-06-26T00:00:00.000,15:25:55,902,TRAFFIC STOP
911220000533,Hollenbeck,0491,2019-11-22T00:00:00.000,23:21:33,9212N,TRESPASS SUSP NOW
912010000247,Outside,,2019-12-01T00:00:00.000,14:11:22,006,CODE 6
191006004298,Outside,,2019-10-06T00:00:00.000,18:25:42,902,TRAFFIC STOP
190807006399,Central,0148,2019-08-07T00:00:00.000,21:03:50,245I,INVEST
190709003955,Pacific,1467,2019-07-09T00:00:00.000,14:56:00,7203,FD
190201000071,Southwest,0354,2019-02-01T00:00:00.000,00:43:07,242PD,POSS DOM VIOL
191028003829,Harbor,0509,2019-10-29T00:00:00.000,00:42:43,620N,NEIGHBOR
190530002404,Southeast,1802,2019-05-30T00:00:00.000,11:32:04,415W,WOMAN
001110000409,Outside,,2020-01-11T00:00:00.000,19:43:13,006,CODE 6
190406005989,Olympic,2014,2019-04-06T00:00:00.000,23:54:44,900,UNKNOWN TROUBLE
190410003343,Southwest,,2019-04-10T00:00:00.000,13:43:18,006,CODE 6
190808006164,Outside,,2019-08-08T00:00:00.000,20:08:06,006,CODE 6
911160000346,Southeast,1831,2019-11-16T00:00:00.000,19:32:08,9045,H & R MISD
190521002926,Outside,,2019-05-21T00:00:00.000,12:54:37,006,CODE 6
190416000958,Northeast,1102,2019-04-16T00:00:00.000,07:13:10,906B1,CODE 30 RINGER
911100000150,77th Street,1233,2019-11-10T00:00:00.000,08:44:50,5031,STOLEN
190626002183,Topanga,2157,2019-06-26T00:00:00.000,10:34:25,314M,MAN
190605006421,Outside,,2019-06-05T00:00:00.000,22:36:38,006,CODE 6
190330000351,Rampart,0241,2019-03-30T00:00:00.000,01:34:45,415M8W,MAN ASSLTG WMN
912010000252,Outside,,2019-12-01T00:00:00.000,14:24:12,902,TRAFFIC STOP
190211003744,Wilshire,,2019-02-11T00:00:00.000,16:00:12,006,CODE 6
190206003958,West LA,0828,2019-02-06T00:00:00.000,15:42:10,902,TRAFFIC STOP
190926003649,Outside,,2019-09-26T00:00:00.000,14:26:43,902,TRAFFIC STOP
190323001147,UNK,,2019-03-23T00:00:00.000,07:25:18,006,CODE 6
190508002226,Foothill,,2019-05-08T00:00:00.000,10:16:32,006,CODE 6
190820001168,Rampart,0257,2019-08-20T00:00:00.000,07:35:15,006,CODE 6
190426002028,Mission,1984,2019-04-26T00:00:00.000,10:47:34,620M,MAN/WMN
190411004433,Newton,,2019-04-11T00:00:00.000,18:20:00,006,CODE 6
190208004969,Pacific,1412,2019-02-08T00:00:00.000,19:42:43,006,CODE 6
190513001448,Outside,,2019-05-13T00:00:00.000,08:39:30,006,CODE 6
190921001360,77th Street,1203,2019-09-21T00:00:00.000,07:49:20,620N,NEIGHBOR
190812002696,West Valley,1039,2019-08-12T00:00:00.000,13:06:08,503P1,POSS STOLEN
190817003662,Hollywood,0666,2019-08-17T00:00:00.000,15:27:41,242J,J/O
190824002068,Central,0195,2019-08-24T00:00:00.000,10:18:01,415M,MAN
190611002574,N Hollywood,1532,2019-06-11T00:00:00.000,11:17:05,415W,WOMAN
190307004191,77th Street,,2019-03-07T00:00:00.000,16:12:30,006,CODE 6
190313001073,Pacific,1414,2019-03-13T00:00:00.000,07:45:55,930W,WMN
191010005122,Outside,,2019-10-10T00:00:00.000,18:20:20,006,CODE 6
190509005625,UNK,,2019-05-09T00:00:00.000,20:07:12,902,TRAFFIC STOP
190126003354,Devonshire,,2019-01-26T00:00:00.000,15:05:14,006,CODE 6
190114002024,Southeast,,2019-01-14T00:00:00.000,11:40:10,006,CODE 6
191028002636,Van Nuys,0938,2019-10-28T00:00:00.000,16:29:52,242SL,SUSP J/L
190411002609,Northeast,1181,2019-04-11T00:00:00.000,13:06:42,314M,MAN
190705000601,Hollywood,0636,2019-07-05T00:00:00.000,01:00:35,415G,GRP
190404000066,Northeast,1136,2019-04-04T00:00:00.000,00:29:59,921C,COMPLAINT
191016000998,Outside,,2019-10-16T00:00:00.000,07:17:21,006,CODE 6
190514004108,Outside,,2019-05-14T00:00:00.000,15:32:45,006,CODE 6
001050000097,Outside,,2020-01-05T00:00:00.000,07:08:36,006,CODE 6
912220000492,Outside,,2019-12-22T00:00:00.000,23:16:54,006,CODE 6
191013001117,Outside,,2019-10-13T00:00:00.000,05:58:02,006,CODE 6
190629004195,Central,0111,2019-06-29T00:00:00.000,16:09:31,2884X,ABUSE I/P
190824007052,Pacific,1407,2019-08-24T00:00:00.000,23:55:42,415G,GRP
190428004309,Mission,1998,2019-04-28T00:00:00.000,18:45:23,484SN,SUSP NOW
912110000011,Rampart,0201,2019-12-11T00:00:00.000,00:45:33,211J,J/O
190729002198,Outside,,2019-07-29T00:00:00.000,10:19:00,006,CODE 6
191019004283,Olympic,2053,2019-10-19T00:00:00.000,19:04:37,620M,MAN/WMN
911050000278,Devonshire,1772,2019-11-05T00:00:00.000,12:47:14,906B1,CODE 30 RINGER
190728004198,Outside,,2019-07-28T00:00:00.000,17:19:05,006,CODE 6
912090000175,Northeast,1132,2019-12-09T00:00:00.000,09:48:16,006,CODE 6
190712007029,Wilshire,0737,2019-07-12T00:00:00.000,23:07:05,242DS,DOM VIOL SUSP
190520002686,Outside,,2019-05-20T00:00:00.000,11:58:15,006,CODE 6
190219000430,Pacific,,2019-02-19T00:00:00.000,03:39:25,006,CODE 6
190817004349,Pacific,1469,2019-08-17T00:00:00.000,18:03:30,415G,GRP
190608003024,Harbor,0503,2019-06-08T00:00:00.000,14:37:36,415G,GRP
190731003399,Outside,,2019-07-31T00:00:00.000,13:26:55,006,CODE 6
190324004125,Northeast,,2019-03-24T00:00:00.000,19:26:38,006,CODE 6
912200000474,Southwest,0334,2019-12-20T00:00:00.000,20:40:19,242A,AMB
190614005988,Outside,,2019-06-14T00:00:00.000,20:38:32,006,CODE 6
190814005537,Outside,,2019-08-14T00:00:00.000,18:51:04,006,CODE 6
190501003599,Rampart,0249,2019-05-01T00:00:00.000,13:55:59,242J,J/O
190914002979,Outside,,2019-09-14T00:00:00.000,13:04:49,006,CODE 6
190512003328,Olympic,2063,2019-05-12T00:00:00.000,16:32:47,930C,CHILD
191023000963,Devonshire,1751,2019-10-23T00:00:00.000,10:56:09,006,CODE 6
190208006063,Olympic,2083,2019-02-08T00:00:00.000,23:06:12,918AM,AMB MALE
911140000330,West Valley,1067,2019-11-14T00:00:00.000,14:48:12,415W,WOMAN
190818003324,77th Street,1268,2019-08-18T00:00:00.000,15:13:10,245PS,POSS SUSP
190421004553,Van Nuys,0969,2019-04-21T00:00:00.000,22:19:00,242D,DOM VIOL
190108005409,77th Street,1211,2019-01-08T00:00:00.000,22:19:31,459I,INVEST
190628007569,Foothill,1656,2019-06-28T00:00:00.000,23:17:08,507R,RADIO
190224003574,Rampart,,2019-02-24T00:00:00.000,17:13:47,006,CODE 6
190622004180,West Valley,1018,2019-06-22T00:00:00.000,16:35:01,906B1F,EXCESSIVE FALSE RING
190809004343,Foothill,1693,2019-08-09T00:00:00.000,16:52:41,415G2,415 GROUP GANG ACT
190629004059,Southwest,0375,2019-06-29T00:00:00.000,15:50:49,006,CODE 6
001170000012,Olympic,2024,2020-01-17T00:00:00.000,00:43:43,415G,GRP
190707005580,N Hollywood,1515,2019-07-07T00:00:00.000,21:41:53,507F,FIREWORKS
912270000581,Van Nuys,0904,2019-12-27T00:00:00.000,23:28:37,459PSN,POSS SUSP NOW
190307004826,West LA,0852,2019-03-07T00:00:00.000,17:53:23,415M,MAN
190403005653,Central,,2019-04-03T00:00:00.000,20:59:12,006,CODE 6
912040000017,Van Nuys,0957,2019-12-04T00:00:00.000,01:12:39,415M,MAN
190518000745,Hollenbeck,0416,2019-05-18T00:00:00.000,03:57:09,507R,RADIO
190425003887,Southeast,1839,2019-04-25T00:00:00.000,15:18:15,006,CODE 6
190525002231,Hollywood,0622,2019-05-25T00:00:00.000,11:21:33,902,TRAFFIC STOP
190218002886,UNK,,2019-02-18T00:00:00.000,14:19:12,006,CODE 6
191022003654,Hollenbeck,0427,2019-10-22T00:00:00.000,16:02:33,620F,FAMILY
190206000688,Mission,1977,2019-02-06T00:00:00.000,06:08:20,7203,FD
190924000392,West Valley,1017,2019-09-24T00:00:00.000,02:19:10,006,CODE 6
190817006802,Olympic,2002,2019-08-17T00:00:00.000,23:59:07,507P,PARTY
190927002682,Rampart,0215,2019-09-27T00:00:00.000,12:46:42,006,CODE 6
190210002976,Van Nuys,,2019-02-10T00:00:00.000,15:33:55,006,CODE 6
190125002709,Pacific,,2019-01-25T00:00:00.000,13:07:04,006,CODE 6
191008002757,Outside,,2019-10-08T00:00:00.000,12:00:25,006,CODE 6
912110000323,Outside,,2019-12-11T00:00:00.000,14:11:27,006,CODE 6
190927001296,Pacific,1488,2019-09-27T00:00:00.000,08:31:05,50321,RECOVERED STOLEN
190504001093,Pacific,,2019-05-04T00:00:00.000,07:06:52,006,CODE 6
190627007239,Northeast,1136,2019-06-27T00:00:00.000,22:08:37,904AO,AMB OVERTURNED VEH
190317003443,UNK,,2019-03-17T00:00:00.000,16:27:34,006,CODE 6
190421001431,Central,0171,2019-04-21T00:00:00.000,09:38:08,245S,SUSP
190313005843,Hollenbeck,,2019-03-13T00:00:00.000,20:49:58,902,TRAFFIC STOP
190601004749,Outside,,2019-06-01T00:00:00.000,19:20:11,006,CODE 6
190126000437,Southeast,,2019-01-26T00:00:00.000,02:08:09,006,CODE 6
190608004987,77th Street,1251,2019-06-08T00:00:00.000,20:56:28,484I,INVEST
190204001080,Hollywood,0639,2019-02-04T00:00:00.000,08:21:01,459I,INVEST
190526005869,77th Street,1252,2019-05-26T00:00:00.000,23:27:22,918M,MALE
190106000256,Northeast,1141,2019-01-06T00:00:00.000,01:19:19,415W,WOMAN
912110000466,Olympic,2024,2019-12-11T00:00:00.000,18:12:19,904A,AMB
190302004967,Mission,1998,2019-03-02T00:00:00.000,23:08:49,507P,PARTY
190902006689,West LA,0893,2019-09-02T00:00:00.000,23:18:18,459T1S,ATT BFV SUSP
190920006323,Outside,,2019-09-20T00:00:00.000,22:07:04,006,CODE 6
190514006850,Southwest,0395,2019-05-14T00:00:00.000,23:57:39,507P,PARTY
190505004248,Harbor,0585,2019-05-05T00:00:00.000,19:15:13,507O,OTHER
190629001255,Outside,,2019-06-29T00:00:00.000,06:34:52,006,CODE 6
190909001154,Outside,,2019-09-09T00:00:00.000,07:42:40,006,CODE 6
190215004089,Foothill,1617,2019-02-15T00:00:00.000,18:12:51,415M4,MAN SHOTS FIRED
190717007124,Outside,,2019-07-17T00:00:00.000,22:38:02,006,CODE 6
001250000286,Mission,1971,2020-01-25T00:00:00.000,14:18:34,2884S,ABUSE SUSP
190526001097,Northeast,1115,2019-05-26T00:00:00.000,05:21:09,904T,OVERTURNED VEH
190530000672,West LA,0852,2019-05-30T00:00:00.000,06:02:41,415G,GRP
190427000266,Mission,,2019-04-27T00:00:00.000,01:02:51,006,CODE 6
912300000254,Outside,,2019-12-30T00:00:00.000,13:04:57,006,CODE 6
190215000058,77th Street,1253,2019-02-15T00:00:00.000,00:15:55,484S,SUSP
190823005862,Outside,,2019-08-23T00:00:00.000,20:28:28,006,CODE 6
190217003522,Central,0153,2019-02-17T00:00:00.000,17:47:00,9045,H & R MISD
191009005245,Outside,,2019-10-09T00:00:00.000,19:14:58,006,CODE 6
190128002351,Newton,,2019-01-28T00:00:00.000,11:24:10,006,CODE 6
912150000201,Southeast,1821,2019-12-15T00:00:00.000,11:07:28,904A,AMB
190107004893,Central,0164,2019-01-07T00:00:00.000,21:07:59,245SN,SUSP NOW
190605003442,Pacific,1466,2019-06-05T00:00:00.000,15:17:46,906B1,CODE 30 RINGER
190601004470,Outside,,2019-06-01T00:00:00.000,18:32:05,006,CODE 6
190325004889,Devonshire,1757,2019-03-25T00:00:00.000,19:22:43,904AB,TRAFFIC BICYCLIST IN
001180000049,Rampart,0281,2020-01-18T00:00:00.000,02:49:09,242J,J/O
911170000108,Outside,,2019-11-17T00:00:00.000,07:17:30,006,CODE 6
190531005912,Southeast,1837,2019-05-31T00:00:00.000,21:40:35,245DSN,DOM VIOL SUSP NOW
190503002349,N Hollywood,,2019-05-03T00:00:00.000,11:38:20,006,CODE 6
190527003187,Outside,,2019-05-27T00:00:00.000,14:23:07,902,TRAFFIC STOP
912130000479,Outside,,2019-12-13T00:00:00.000,20:00:15,006,CODE 6
190128002790,Southeast,1846,2019-01-28T00:00:00.000,12:39:51,006,CODE 6
190622001165,77th Street,1255,2019-06-22T00:00:00.000,06:41:22,507R,RADIO
190423005485,Newton,1307,2019-04-23T00:00:00.000,19:19:46,902,TRAFFIC STOP
190217001046,Central,0155,2019-02-17T00:00:00.000,06:37:35,006,CODE 6
190216001347,77th Street,,2019-02-16T00:00:00.000,09:04:59,006,CODE 6
190415002314,UNK,,2019-04-15T00:00:00.000,11:51:01,006,CODE 6
190724007070,Olympic,2029,2019-07-24T00:00:00.000,22:32:17,921S,SUSP
190425001881,Pacific,,2019-04-25T00:00:00.000,09:49:14,006,CODE 6
190821003065,Outside,,2019-08-21T00:00:00.000,12:28:36,006,CODE 6
190118000892,Rampart,0257,2019-01-18T00:00:00.000,07:06:38,620M,MAN/WMN
190226000586,N Hollywood,1583,2019-02-26T00:00:00.000,05:15:15,927AI,AMB INVEST
190611003474,Devonshire,1712,2019-06-11T00:00:00.000,13:25:59,906B1,CODE 30 RINGER
191006002377,West LA,0828,2019-10-06T00:00:00.000,12:03:52,507C,CONSTRUCTION
190329000658,Mission,1984,2019-03-29T00:00:00.000,05:22:26,459P1S,POSS BFV SUSP
190629002774,Outside,,2019-06-29T00:00:00.000,12:14:09,006,CODE 6
190812003049,Olympic,2026,2019-08-12T00:00:00.000,14:09:27,415M,MAN
190630005074,Outside,,2019-06-30T00:00:00.000,19:29:16,006,CODE 6
190713002557,Outside,,2019-07-13T00:00:00.000,12:13:02,006,CODE 6
190506001922,Van Nuys,,2019-05-06T00:00:00.000,10:20:45,006,CODE 6
190422003362,Central,0154,2019-04-22T00:00:00.000,14:32:50,211SL,SUSP J/L
911290000463,Mission,1916,2019-11-29T00:00:00.000,22:36:10,4151,PARTY
191018002076,Northeast,1113,2019-10-18T00:00:00.000,10:30:54,415M,MAN
190306004768,Mission,,2019-03-06T00:00:00.000,20:14:31,006,CODE 6
190121000163,Southwest,0397,2019-01-21T00:00:00.000,00:53:27,459P1S,POSS BFV SUSP
190807005807,Outside,,2019-08-07T00:00:00.000,19:37:43,006,CODE 6
190625003234,Outside,,2019-06-25T00:00:00.000,12:35:31,006,CODE 6
190201001316,Hollenbeck,0466,2019-02-01T00:00:00.000,08:43:22,900,UNKNOWN TROUBLE
190628004727,Harbor,0564,2019-06-28T00:00:00.000,16:56:03,006,CODE 6
912210000429,Harbor,0517,2019-12-21T00:00:00.000,20:26:04,507R,RADIO
190109004712,Newton,,2019-01-09T00:00:00.000,17:47:57,006,CODE 6
001150000494,Outside,,2020-01-15T00:00:00.000,18:26:22,006,CODE 6
912290000465,Pacific,1483,2019-12-29T00:00:00.000,21:37:55,9073,ATT SUICIDE
190824006928,Foothill,1687,2019-08-24T00:00:00.000,23:46:51,9212,TRESPASS SUSP
190109004031,Devonshire,,2019-01-09T00:00:00.000,16:03:01,006,CODE 6
912240000338,West Valley,1012,2019-12-24T00:00:00.000,18:50:32,507F,FIREWORKS
911050000556,Van Nuys,0984,2019-11-05T00:00:00.000,21:09:52,900,UNKNOWN TROUBLE
190831005215,Outside,,2019-08-31T00:00:00.000,20:32:11,902,TRAFFIC STOP
190403001416,Central,0124,2019-04-03T00:00:00.000,08:58:02,906B4,OTHER/459 SILENT
190329004320,Central,0153,2019-03-29T00:00:00.000,17:08:13,006,CODE 6
190416000365,West Valley,,2019-04-16T00:00:00.000,02:28:04,006,CODE 6
190706000338,Northeast,1124,2019-07-06T00:00:00.000,01:22:29,242AD,AMB DOM VIOL
190626005621,Outside,,2019-06-26T00:00:00.000,18:44:41,006,CODE 6
190807001660,Rampart,0279,2019-08-07T00:00:00.000,08:56:26,006,CODE 6
190805001818,Outside,,2019-08-05T00:00:00.000,09:42:15,902,TRAFFIC STOP
190820005465,Outside,,2019-08-20T00:00:00.000,19:16:20,006,CODE 6
001100000402,Hollenbeck,0464,2020-01-10T00:00:00.000,17:42:38,620N,NEIGHBOR
190626000860,Outside,,2019-06-26T00:00:00.000,05:58:01,006,CODE 6
190211002630,Southeast,1849,2019-02-11T00:00:00.000,13:02:09,415M,MAN
190711006525,Outside,,2019-07-11T00:00:00.000,21:17:41,006,CODE 6
190305005661,Olympic,,2019-03-05T00:00:00.000,22:25:52,006,CODE 6
190719002568,Outside,,2019-07-19T00:00:00.000,11:52:38,006,CODE 6
190212002819,N Hollywood,1546,2019-02-12T00:00:00.000,12:34:57,006,CODE 6
190720000600,Northeast,1141,2019-07-20T00:00:00.000,02:30:11,415G,GRP
190413003630,N Hollywood,1549,2019-04-13T00:00:00.000,18:08:54,415F,FIGHT
190510004563,UNK,,2019-05-10T00:00:00.000,18:32:41,006,CODE 6
190515002874,West Valley,1008,2019-05-15T00:00:00.000,12:39:22,006,CODE 6
190409006575,Foothill,1684,2019-04-09T00:00:00.000,23:42:31,918F,FEM
191004004172,Rampart,0202,2019-10-04T00:00:00.000,19:47:22,415M,MAN
190723002710,Outside,,2019-07-23T00:00:00.000,11:56:36,006,CODE 6
912190000045,Outside,,2019-12-19T00:00:00.000,03:51:04,006,CODE 6
190610004722,Rampart,0235,2019-06-10T00:00:00.000,17:42:29,006,CODE 6
190318001915,77th Street,1233,2019-03-18T00:00:00.000,10:14:18,594I,INVEST
190509003207,West Valley,1018,2019-05-09T00:00:00.000,13:54:56,459PSN,POSS SUSP NOW
001220000054,Hollywood,0656,2020-01-22T00:00:00.000,05:44:27,906B,BURGLARY
190530000073,Outside,,2019-05-30T00:00:00.000,00:19:42,006,CODE 6
911050000456,N Hollywood,1514,2019-11-05T00:00:00.000,19:35:14,620F,FAMILY
190328003754,N Hollywood,1511,2019-03-28T00:00:00.000,15:49:05,904A,AMB
190722001574,Outside,,2019-07-22T00:00:00.000,08:44:06,006,CODE 6
190630001537,Outside,,2019-06-30T00:00:00.000,07:26:46,006,CODE 6
190908004692,Outside,,2019-09-08T00:00:00.000,18:37:35,006,CODE 6
190514004281,Outside,,2019-05-14T00:00:00.000,16:00:24,006,CODE 6
190621006233,Central,0154,2019-06-21T00:00:00.000,20:49:40,507P,PARTY
190606000463,Olympic,2005,2019-06-06T00:00:00.000,02:36:23,620N,NEIGHBOR
190704005184,Outside,,2019-07-04T00:00:00.000,18:42:30,006,CODE 6
190628007727,Devonshire,1795,2019-06-28T00:00:00.000,23:44:09,507R,RADIO
191016001242,Newton,1309,2019-10-16T00:00:00.000,08:08:36,902,TRAFFIC STOP
191019002812,Outside,,2019-10-19T00:00:00.000,14:03:47,006,CODE 6
190321005204,West LA,0881,2019-03-21T00:00:00.000,19:47:46,484S,SUSP
190222002775,Pacific,,2019-02-22T00:00:00.000,13:33:39,006,CODE 6
190128002146,Hollywood,0668,2019-01-28T00:00:00.000,10:53:46,415M6,MAN W/KNIVES
190704001400,Pacific,1472,2019-07-04T00:00:00.000,08:04:10,415G,GRP
190126006591,West Valley,1008,2019-01-27T00:00:00.000,00:02:08,415G,GRP
912190000050,Hollenbeck,0489,2019-12-19T00:00:00.000,04:33:02,906B1,CODE 30 RINGER
190723005533,Outside,,2019-07-23T00:00:00.000,19:17:28,006,CODE 6
001180000253,Hollenbeck,0471,2020-01-18T00:00:00.000,15:09:51,9212,TRESPASS SUSP
190829005959,Van Nuys,0931,2019-08-29T00:00:00.000,20:56:13,620B,BUSN
191027001241,N Hollywood,1567,2019-10-27T00:00:00.000,06:44:17,459I,INVEST
190928004237,Outside,,2019-09-28T00:00:00.000,18:53:01,006,CODE 6
190728005868,Outside,,2019-07-28T00:00:00.000,22:15:37,006,CODE 6
912310000283,Outside,,2019-12-31T00:00:00.000,14:10:08,006,CODE 6
912050000592,West LA,0853,2019-12-05T00:00:00.000,22:59:43,211J,J/O
190705007131,Topanga,2177,2019-07-05T00:00:00.000,22:12:29,459PX,POSS I/P
190817002253,Outside,,2019-08-17T00:00:00.000,10:58:35,006,CODE 6
191017004592,Rampart,0265,2019-10-17T00:00:00.000,17:49:21,006,CODE 6
190612002704,77th Street,1231,2019-06-12T00:00:00.000,11:59:22,246I,INVEST
190405004907,Olympic,,2019-04-05T00:00:00.000,20:05:33,006,CODE 6
001040000379,Outside,,2020-01-04T00:00:00.000,17:10:21,006,CODE 6
912270000270,Outside,,2019-12-27T00:00:00.000,13:30:09,902,TRAFFIC STOP
190315006301,UNK,,2019-03-15T00:00:00.000,23:37:45,006,CODE 6
190303004215,Hollywood,0645,2019-03-03T00:00:00.000,19:13:34,415M,MAN
191030004916,Hollenbeck,0469,2019-10-30T00:00:00.000,21:25:57,921C,COMPLAINT
190301004212,West Valley,,2019-03-01T00:00:00.000,17:11:10,902,TRAFFIC STOP
190915005021,Wilshire,0782,2019-09-15T00:00:00.000,20:09:08,9212N,TRESPASS SUSP NOW
190907001293,Outside,,2019-09-07T00:00:00.000,07:39:20,006,CODE 6
190923005959,Southeast,1824,2019-09-23T00:00:00.000,21:48:26,620D,DOM VIOL
190317001962,UNK,,2019-03-17T00:00:00.000,11:07:47,902,TRAFFIC STOP
190531002139,Harbor,0519,2019-05-31T00:00:00.000,11:19:28,447PS,POSS SUSP
190625003786,Hollywood,0666,2019-06-25T00:00:00.000,14:01:01,9212,TRESPASS SUSP
912210000432,Outside,,2019-12-21T00:00:00.000,20:30:25,006,CODE 6
190829004676,Southeast,1822,2019-08-29T00:00:00.000,17:12:39,902,TRAFFIC STOP
191019000892,Outside,,2019-10-19T00:00:00.000,05:15:16,006,CODE 6
190127005294,Foothill,1623,2019-01-27T00:00:00.000,21:41:23,415F,FIGHT
190420004414,Hollenbeck,0465,2019-04-20T00:00:00.000,18:53:11,900,UNKNOWN TROUBLE
190914000123,Southwest,0341,2019-09-14T00:00:00.000,00:28:25,415M,MAN
190118000734,Southeast,1842,2019-01-18T00:00:00.000,05:14:41,242SN,SUSP NOW
190405005768,Hollenbeck,0489,2019-04-05T00:00:00.000,22:45:28,906B1,CODE 30 RINGER
190317002902,77th Street,1253,2019-03-17T00:00:00.000,14:42:02,242PD,POSS DOM VIOL
190430000621,UNK,,2019-04-30T00:00:00.000,05:39:08,006,CODE 6
001220000006,Foothill,1611,2020-01-22T00:00:00.000,00:42:45,9212,TRESPASS SUSP
190910001404,Rampart,0248,2019-09-10T00:00:00.000,08:19:15,459SV,HOTPROWL
190812003321,Olympic,2027,2019-08-12T00:00:00.000,16:13:14,415M,MAN
190318005592,West Valley,1094,2019-03-18T00:00:00.000,21:46:45,484I,INVEST
190723002200,Outside,,2019-07-23T00:00:00.000,10:39:09,006,CODE 6
190318002621,N Hollywood,1599,2019-03-18T00:00:00.000,12:21:54,211TJ,ATT J/O
190925003327,Outside,,2019-09-25T00:00:00.000,13:34:07,006,CODE 6
190304005469,West LA,0882,2019-03-04T00:00:00.000,21:11:28,415M,MAN
190304004866,Central,0176,2019-03-04T00:00:00.000,19:12:54,900,UNKNOWN TROUBLE
001230000536,Outside,,2020-01-23T00:00:00.000,19:58:15,006,CODE 6
001250000201,Newton,1377,2020-01-25T00:00:00.000,11:18:30,9212N,TRESPASS SUSP NOW
190503003374,Harbor,0567,2019-05-03T00:00:00.000,15:09:13,415W,WOMAN
190104004949,UNK,,2019-01-04T00:00:00.000,19:44:40,006,CODE 6
190103004257,UNK,,2019-01-03T00:00:00.000,17:10:50,006,CODE 6
190905005518,Outside,,2019-09-05T00:00:00.000,18:50:01,006,CODE 6
912210000316,Outside,,2019-12-21T00:00:00.000,16:31:53,902,TRAFFIC STOP
190906006001,Outside,,2019-09-06T00:00:00.000,20:40:27,006,CODE 6
190118000057,Pacific,,2019-01-18T00:00:00.000,00:14:14,006,CODE 6
912210000090,Outside,,2019-12-21T00:00:00.000,06:17:31,006,CODE 6
191015003114,Outside,,2019-10-15T00:00:00.000,13:08:26,006,CODE 6
190509005452,Central,0156,2019-05-09T00:00:00.000,19:58:37,242SN,SUSP NOW
190416004943,Southeast,,2019-04-16T00:00:00.000,18:30:24,006,CODE 6
190724000287,Hollywood,0636,2019-07-24T00:00:00.000,01:15:46,507P,PARTY
190805002421,Newton,1361,2019-08-05T00:00:00.000,11:32:54,990,BACK-UP
190902004072,Outside,,2019-09-02T00:00:00.000,16:29:23,006,CODE 6
190203004356,Hollenbeck,,2019-02-03T00:00:00.000,21:34:11,006,CODE 6
190705007777,Topanga,2129,2019-07-05T00:00:00.000,23:58:45,242PD,POSS DOM VIOL
911270000373,Hollenbeck,0473,2019-11-27T00:00:00.000,18:01:23,594SL,SUSP J/L
911200000463,Devonshire,1761,2019-11-20T00:00:00.000,23:17:12,5101,CAR
190408003012,Harbor,0581,2019-04-08T00:00:00.000,14:02:54,900,UNKNOWN TROUBLE
190825001044,Mission,1931,2019-08-25T00:00:00.000,04:48:52,245I,INVEST
190520000380,Outside,,2019-05-20T00:00:00.000,02:07:26,006,CODE 6
190914003376,Outside,,2019-09-14T00:00:00.000,14:17:12,006,CODE 6
001040000047,Wilshire,0749,2020-01-04T00:00:00.000,02:26:51,9212,TRESPASS SUSP
190810002385,Outside,,2019-08-10T00:00:00.000,11:51:49,006,CODE 6
191001002107,Outside,,2019-10-01T00:00:00.000,10:48:07,006,CODE 6
190921001583,Central,0112,2019-09-21T00:00:00.000,08:48:51,904A,AMB
190328001193,Rampart,0247,2019-03-28T00:00:00.000,08:07:32,907A3,AMB ATT SUICIDE
190710005166,Outside,,2019-07-10T00:00:00.000,18:17:05,006,CODE 6
190320000225,Devonshire,,2019-03-20T00:00:00.000,01:11:53,006,CODE 6
190921005632,Southwest,0314,2019-09-21T00:00:00.000,21:31:56,507P,PARTY
912020000100,Hollenbeck,0462,2019-12-02T00:00:00.000,07:54:41,211P,POSS
190422002990,Southwest,,2019-04-22T00:00:00.000,13:12:12,006,CODE 6
912140000053,Outside,,2019-12-14T00:00:00.000,02:28:53,006,CODE 6
190227002923,Northeast,1147,2019-02-27T00:00:00.000,13:05:45,902,TRAFFIC STOP
191025001666,Olympic,2025,2019-10-25T00:00:00.000,17:33:17,9212N,TRESPASS SUSP NOW
912010000132,Outside,,2019-12-01T00:00:00.000,09:02:45,006,CODE 6
190422003457,Van Nuys,0938,2019-04-22T00:00:00.000,14:39:49,904A,AMB
190209004240,Southwest,,2019-02-09T00:00:00.000,19:09:45,006,CODE 6
190623001130,Outside,,2019-06-23T00:00:00.000,04:40:59,006,CODE 6
190626000331,Outside,,2019-06-26T00:00:00.000,01:30:05,006,CODE 6
190317001847,Harbor,0558,2019-03-17T00:00:00.000,10:40:28,904P,PEDESTRIAN INVOLVED
190207003516,UNK,,2019-02-07T00:00:00.000,14:30:41,006,CODE 6
190910002248,Outside,,2019-09-10T00:00:00.000,10:40:41,006,CODE 6
190816006902,Hollenbeck,0464,2019-08-16T00:00:00.000,22:36:18,507R,RADIO
190128001256,Topanga,2105,2019-01-28T00:00:00.000,08:26:18,918M,MALE
190831004593,Outside,,2019-08-31T00:00:00.000,18:55:03,006,CODE 6
001130000216,Outside,,2020-01-13T00:00:00.000,11:44:43,006,CODE 6
190816007345,77th Street,1268,2019-08-16T00:00:00.000,23:40:47,242A,AMB
911190000109,Olympic,2036,2019-11-19T00:00:00.000,08:10:26,245I,INVEST
190919006171,N Hollywood,1514,2019-09-19T00:00:00.000,21:20:03,245A,AMB
190930005585,Outside,,2019-09-30T00:00:00.000,21:46:30,902,TRAFFIC STOP
190615003617,Outside,,2019-06-15T00:00:00.000,15:09:26,006,CODE 6
190926001856,Outside,,2019-09-26T00:00:00.000,09:29:29,006,CODE 6
190704002083,Outside,,2019-07-04T00:00:00.000,10:31:00,006,CODE 6
001080000113,Outside,,2020-01-08T00:00:00.000,07:52:49,006,CODE 6
190227001306,Newton,,2019-02-27T00:00:00.000,08:34:21,006,CODE 6
911300000174,Outside,,2019-11-30T00:00:00.000,11:27:41,006,CODE 6
190923006127,Outside,,2019-09-23T00:00:00.000,22:17:08,006,CODE 6
190527002920,Outside,,2019-05-27T00:00:00.000,13:35:04,006,CODE 6
912190000565,Harbor,0516,2019-12-19T00:00:00.000,23:32:03,902,TRAFFIC STOP
190907004392,Outside,,2019-09-07T00:00:00.000,17:58:01,006,CODE 6
190625002187,Hollywood,0646,2019-06-25T00:00:00.000,10:16:17,242J,J/O
190110002162,Hollywood,,2019-01-10T00:00:00.000,10:38:24,006,CODE 6
190120001424,Central,,2019-01-20T00:00:00.000,08:34:30,006,CODE 6
190224000494,Wilshire,0782,2019-02-24T00:00:00.000,02:11:37,594SN,SUSP NOW
190717006566,Wilshire,0732,2019-07-17T00:00:00.000,21:12:01,904A,AMB
190811000789,West Valley,1005,2019-08-11T00:00:00.000,03:14:58,507P,PARTY
190703001497,Outside,,2019-07-03T00:00:00.000,08:24:45,006,CODE 6
190606000747,Central,0156,2019-06-06T00:00:00.000,05:08:22,2881I,MOLEST INVEST
190109003073,Mission,1913,2019-01-09T00:00:00.000,13:40:36,242I,BATTERY INVEST
